Log file open, 03/26/26 00:00:27
LogPakFile: Initializing PakPlatformFile
LogIoDispatcher: Display: Reading toc: ../../../TheIsle/Content/Paks/global.utoc
LogIoDispatcher: Display: Toc loaded : ../../../TheIsle/Content/Paks/global.utoc, Id=ffffffffffffffff, Order=0, EntryCount=1, SignatureHash=D57496325DBD9329327D917715F972BB3BDA4B6B
LogIoDispatcher: Display: Mounting container '../../../TheIsle/Content/Paks/global.utoc' in location slot 0
LogPakFile: Display: Initialized I/O dispatcher file backend. Mounted the global container: ../../../TheIsle/Content/Paks/global.utoc
LogPakFile: Display: Found Pak file ../../../TheIsle/Content/Paks/pakchunk2-LinuxServer.pak attempting to mount.
LogPakFile: Display: Mounting pak file ../../../TheIsle/Content/Paks/pakchunk2-LinuxServer.pak.
LogIoDispatcher: Display: Reading toc: ../../../TheIsle/Content/Paks/pakchunk2-LinuxServer.utoc
LogIoDispatcher: Display: Toc loaded : ../../../TheIsle/Content/Paks/pakchunk2-LinuxServer.utoc, Id=9c553648bf30fd5d, Order=3, EntryCount=33157, SignatureHash=1AAA033C30B541CEACA760CB5D6306CD540ABF4B
LogIoDispatcher: Display: Mounting container '../../../TheIsle/Content/Paks/pakchunk2-LinuxServer.utoc' in location slot 0
LogPakFile: Display: Mounted IoStore container "../../../TheIsle/Content/Paks/pakchunk2-LinuxServer.utoc"
LogFilePackageStore: Mounting container: Id=9c553648bf30fd5d, Order=3, NumPackages=33152
LogPakFile: Display: Mounted Pak file '../../../TheIsle/Content/Paks/pakchunk2-LinuxServer.pak', mount point: '../../../TheIsle/Content/'
LogPakFile: Display: Found Pak file ../../../TheIsle/Content/Paks/pakchunk1-LinuxServer.pak attempting to mount.
LogPakFile: Display: Mounting pak file ../../../TheIsle/Content/Paks/pakchunk1-LinuxServer.pak.
LogIoDispatcher: Display: Reading toc: ../../../TheIsle/Content/Paks/pakchunk1-LinuxServer.utoc
LogIoDispatcher: Display: Toc loaded : ../../../TheIsle/Content/Paks/pakchunk1-LinuxServer.utoc, Id=1c21040c837533d0, Order=3, EntryCount=8960, SignatureHash=5CF2D49F6C22418B8D9F196D74885B5A67C763E3
LogIoDispatcher: Display: Mounting container '../../../TheIsle/Content/Paks/pakchunk1-LinuxServer.utoc' in location slot 0
LogPakFile: Display: Mounted IoStore container "../../../TheIsle/Content/Paks/pakchunk1-LinuxServer.utoc"
LogFilePackageStore: Mounting container: Id=1c21040c837533d0, Order=3, NumPackages=8959
LogPakFile: Display: Mounted Pak file '../../../TheIsle/Content/Paks/pakchunk1-LinuxServer.pak', mount point: '/'
LogPakFile: Display: Found Pak file ../../../TheIsle/Content/Paks/pakchunk0-LinuxServer.pak attempting to mount.
LogPakFile: Display: Mounting pak file ../../../TheIsle/Content/Paks/pakchunk0-LinuxServer.pak.
LogIoDispatcher: Display: Reading toc: ../../../TheIsle/Content/Paks/pakchunk0-LinuxServer.utoc
LogIoDispatcher: Display: Toc loaded : ../../../TheIsle/Content/Paks/pakchunk0-LinuxServer.utoc, Id=df31806680c1a9fa, Order=3, EntryCount=7525, SignatureHash=8462A0A15554A5247DC9D8B2FF6166251C46409F
LogIoDispatcher: Display: Mounting container '../../../TheIsle/Content/Paks/pakchunk0-LinuxServer.utoc' in location slot 0
LogPakFile: Display: Mounted IoStore container "../../../TheIsle/Content/Paks/pakchunk0-LinuxServer.utoc"
LogFilePackageStore: Mounting container: Id=df31806680c1a9fa, Order=3, NumPackages=7524
LogPakFile: Display: Mounted Pak file '../../../TheIsle/Content/Paks/pakchunk0-LinuxServer.pak', mount point: '../../../'
LogICUInternationalization: OS requested locale 'en_US_POSIX' is not supported. Using the OS requested language of 'en-US-POSIX' as the locale.
LogICUInternationalization: ICU TimeZone Detection - Raw Offset: +0:00, Platform Override: ''
LogInit: Session CrashGUID >====================================================
         Session CrashGUID >   UECC-Linux-D6876D40C0044EE2A091968B4D9CB464
         Session CrashGUID >====================================================
LogAudio: Display: Audio Device Manager not initializing due to all audio being disabled. If this is not intentional, please check command line arguments for "-nosound".
LogPluginManager: Mounting Engine plugin Paper2D
LogPluginManager: Mounting Engine plugin AISupport
LogPluginManager: Mounting Engine plugin EnvironmentQueryEditor
LogPluginManager: Mounting Engine plugin MassAI
LogPluginManager: Mounting Engine plugin ACLPlugin
LogPluginManager: Mounting Engine plugin AnimationData
LogPluginManager: Mounting Engine plugin AnimationLocomotionLibrary
LogPluginManager: Mounting Engine plugin AnimationModifierLibrary
LogPluginManager: Mounting Engine plugin AnimationWarping
LogPluginManager: Mounting Engine plugin BlendStack
LogPluginManager: Mounting Engine plugin ControlRigModules
LogPluginManager: Mounting Engine plugin ControlRigSpline
LogPluginManager: Mounting Engine plugin ControlRig
LogAssetRegistry: Premade AssetRegistry loaded from '../../../TheIsle/AssetRegistry.bin'
LogPluginManager: Mounting Engine plugin DeformerGraph
LogPluginManager: Mounting Engine plugin GameplayInsights
LogPluginManager: Mounting Engine plugin IKRig
LogPluginManager: Mounting Engine plugin MotionWarping
LogPluginManager: Mounting Engine plugin PoseSearch
LogPluginManager: Mounting Engine plugin RigLogic
LogPluginManager: Mounting Engine plugin SkeletalMeshModelingTools
LogPluginManager: Mounting Engine plugin TweeningUtils
LogPluginManager: Mounting Engine plugin Bridge
LogPluginManager: Mounting Engine plugin CameraShakePreviewer
LogPluginManager: Mounting Engine plugin EngineCameras
LogPluginManager: Mounting Engine plugin GameplayCameras
LogPluginManager: Mounting Engine plugin ChaosClothAsset
LogPluginManager: Mounting Engine plugin ChaosCloth
LogPluginManager: Mounting Engine plugin ChaosVD
LogPluginManager: Mounting Engine plugin Chooser
LogPluginManager: Mounting Engine plugin OpenColorIO
LogPluginManager: Mounting Engine plugin OodleNetwork
LogPluginManager: Mounting Engine plugin AnimationSharing
LogPluginManager: Mounting Engine plugin ConcertMain
LogPluginManager: Mounting Engine plugin ConcertSyncClient
LogPluginManager: Mounting Engine plugin ConcertSyncCore
LogPluginManager: Mounting Engine plugin ConcertSharedSlate
LogPluginManager: Mounting Engine plugin NamingTokens
LogPluginManager: Mounting Engine plugin PluginUtils
LogPluginManager: Mounting Engine plugin AssetManagerEditor
LogPluginManager: Mounting Engine plugin BlueprintHeaderView
LogPluginManager: Mounting Engine plugin BlueprintMaterialTextureNodes
LogPluginManager: Mounting Engine plugin ColorGrading
LogPluginManager: Mounting Engine plugin ConsoleVariables
LogPluginManager: Mounting Engine plugin ContentBrowserAssetDataSource
LogPluginManager: Mounting Engine plugin CurveEditorTools
LogPluginManager: Mounting Engine plugin DataValidation
LogPluginManager: Mounting Engine plugin EditorScriptingUtilities
LogPluginManager: Mounting Engine plugin EngineAssetDefinitions
LogPluginManager: Mounting Engine plugin FacialAnimation
LogPluginManager: Mounting Engine plugin GameplayTagsEditor
LogPluginManager: Mounting Engine plugin GeometryMode
LogPluginManager: Mounting Engine plugin LightMixer
LogPluginManager: Mounting Engine plugin ObjectMixer
LogPluginManager: Mounting Engine plugin ProxyLODPlugin
LogPluginManager: Mounting Engine plugin SequencerAnimTools
LogPluginManager: Mounting Engine plugin SpeedTreeImporter
LogPluginManager: Mounting Engine plugin UMGWidgetPreview
LogPluginManager: Mounting Engine plugin UVEditor
LogPluginManager: Mounting Engine plugin EnhancedInput
LogPluginManager: Mounting Engine plugin DatasmithContent
LogPluginManager: Mounting Engine plugin GLTFExporter
LogPluginManager: Mounting Engine plugin VariantManagerContent
LogPluginManager: Mounting Engine plugin VariantManager
LogPluginManager: Mounting Engine plugin AnimToTexture
LogPluginManager: Mounting Engine plugin MotionTrajectory
LogPluginManager: Mounting Engine plugin AutomationUtils
LogPluginManager: Mounting Engine plugin ChaosCaching
LogPluginManager: Mounting Engine plugin ChaosEditor
LogPluginManager: Mounting Engine plugin ChaosNiagara
LogPluginManager: Mounting Engine plugin ChaosSolverPlugin
LogPluginManager: Mounting Engine plugin ChaosUserDataPT
LogPluginManager: Mounting Engine plugin CharacterAI
LogPluginManager: Mounting Engine plugin CodeView
LogPluginManager: Mounting Engine plugin CompositeCore
LogPluginManager: Mounting Engine plugin Dataflow
LogPluginManager: Mounting Engine plugin EditorDataStorageFeatures
LogPluginManager: Mounting Engine plugin EditorDataStorage
LogPluginManager: Mounting Engine plugin FastGeoStreaming
LogPluginManager: Mounting Engine plugin Fracture
LogPluginManager: Mounting Engine plugin FullBodyIK
LogPluginManager: Mounting Engine plugin TargetingSystem
LogPluginManager: Mounting Engine plugin Gauntlet
LogPluginManager: Mounting Engine plugin GeometryCollectionPlugin
LogPluginManager: Mounting Engine plugin GeometryDataflow
LogPluginManager: Mounting Engine plugin Iris
LogPluginManager: Mounting Engine plugin LevelSequenceNavigatorBridge
LogPluginManager: Mounting Engine plugin LocalizableMessage
LogPluginManager: Mounting Engine plugin NFORDenoise
LogPluginManager: Mounting Engine plugin PlanarCut
LogPluginManager: Mounting Engine plugin PlatformCrypto
LogPluginManager: Mounting Engine plugin PythonScriptPlugin
LogPluginManager: Mounting Engine plugin RuntimeTelemetry
LogPluginManager: Mounting Engine plugin ToolPresets
LogPluginManager: Mounting Engine plugin Cascade
LogPluginManager: Mounting Engine plugin NiagaraSimCaching
LogPluginManager: Mounting Engine plugin Niagara
LogPluginManager: Mounting Engine plugin Fab
LogPluginManager: Mounting Engine plugin AlembicImporter
LogPluginManager: Mounting Engine plugin InterchangeAssets
LogPluginManager: Mounting Engine plugin InterchangeEditor
LogPluginManager: Mounting Engine plugin Interchange
LogPluginManager: Mounting Engine plugin AvfMedia
LogPluginManager: Mounting Engine plugin BinkMedia
LogPluginManager: Mounting Engine plugin ImgMedia
LogPluginManager: Mounting Engine plugin MediaCompositing
LogPluginManager: Mounting Engine plugin MediaPlate
LogPluginManager: Mounting Engine plugin MeshPainting
LogPluginManager: Mounting Engine plugin TcpMessaging
LogPluginManager: Mounting Engine plugin UdpMessaging
LogPluginManager: Mounting Engine plugin MetaHumanSDK
LogPluginManager: Mounting Engine plugin ActorSequence
LogPluginManager: Mounting Engine plugin LevelSequenceEditor
LogPluginManager: Mounting Engine plugin MovieRenderPipeline
LogPluginManager: Mounting Engine plugin SequencerScripting
LogPluginManager: Mounting Engine plugin TemplateSequence
LogPluginManager: Mounting Engine plugin NNEDenoiser
LogPluginManager: Mounting Engine plugin NNERuntimeORT
LogPluginManager: Mounting Engine plugin OnlineBase
LogPluginManager: Mounting Engine plugin OnlineServices
LogPluginManager: Mounting Engine plugin OnlineSubsystemNull
LogPluginManager: Mounting Engine plugin OnlineSubsystemSteam
LogPluginManager: Mounting Engine plugin OnlineSubsystemUtils
LogPluginManager: Mounting Engine plugin OnlineSubsystem
LogPluginManager: Mounting Engine plugin PCGExternalDataInterop
LogPluginManager: Mounting Engine plugin PCGGeometryScriptInterop
LogPluginManager: Mounting Engine plugin PCG
LogPluginManager: Mounting Engine plugin LauncherChunkInstaller
LogPluginManager: Mounting Engine plugin ActorLayerUtilities
LogPluginManager: Mounting Engine plugin AndroidFileServer
LogPluginManager: Mounting Engine plugin AnimationBudgetAllocator
LogPluginManager: Mounting Engine plugin ApexDestruction
LogPluginManager: Mounting Engine plugin ArchVisCharacter
LogPluginManager: Mounting Engine plugin AssetTags
LogPluginManager: Mounting Engine plugin AudioCapture
LogPluginManager: Mounting Engine plugin AudioSynesthesia
LogPluginManager: Mounting Engine plugin AudioWidgets
LogPluginManager: Mounting Engine plugin CableComponent
LogPluginManager: Mounting Engine plugin ChunkDownloader
LogPluginManager: Mounting Engine plugin ComputeFramework
LogPluginManager: Mounting Engine plugin CustomMeshComponent
LogPluginManager: Mounting Engine plugin DataRegistry
LogPluginManager: Mounting Engine plugin DatabaseSupport
LogPluginManager: Mounting Engine plugin SQLiteCore
LogPluginManager: Mounting Engine plugin SQLiteSupport
LogPluginManager: Mounting Engine plugin ExampleDeviceProfileSelector
LogPluginManager: Mounting Engine plugin GameplayAbilities
LogPluginManager: Mounting Engine plugin GeometryCache
LogPluginManager: Mounting Engine plugin GeometryProcessing
LogPluginManager: Mounting Engine plugin GeometryScripting
LogPluginManager: Mounting Engine plugin GooglePAD
LogPluginManager: Mounting Engine plugin HairStrands
LogPluginManager: Mounting Engine plugin MassGameplay
LogPluginManager: Mounting Engine plugin MeshModelingToolset
LogPluginManager: Mounting Engine plugin Metasound
LogPluginManager: Mounting Engine plugin MsQuic
LogPluginManager: Mounting Engine plugin NavCorridor
LogPluginManager: Mounting Engine plugin AESGCMHandlerComponent
LogPluginManager: Mounting Engine plugin ProceduralMeshComponent
LogPluginManager: Mounting Engine plugin PropertyAccessEditor
LogPluginManager: Mounting Engine plugin PropertyBindingUtils
LogPluginManager: Mounting Engine plugin ReplicationGraph
LogPluginManager: Mounting Engine plugin ResonanceAudio
LogPluginManager: Mounting Engine plugin RigVM
LogPluginManager: Mounting Engine plugin SignificanceManager
LogPluginManager: Mounting Engine plugin SmartObjects
LogPluginManager: Mounting Engine plugin SoundFields
LogPluginManager: Mounting Engine plugin SoundUtilities
LogPluginManager: Mounting Engine plugin Spatialization
LogPluginManager: Mounting Engine plugin StateTree
LogPluginManager: Mounting Engine plugin SteamController
LogPluginManager: Mounting Engine plugin SteamShared
LogPluginManager: Mounting Engine plugin Synthesis
LogPluginManager: Mounting Engine plugin WaveTable
LogPluginManager: Mounting Engine plugin WebBrowserWidget
LogPluginManager: Mounting Engine plugin WindowsDeviceProfileSelector
LogPluginManager: Mounting Engine plugin WorldConditions
LogPluginManager: Mounting Engine plugin XRBase
LogPluginManager: Mounting Engine plugin ZoneGraphAnnotations
LogPluginManager: Mounting Engine plugin ZoneGraph
LogPluginManager: Mounting Engine plugin InterchangeTests
LogPluginManager: Mounting Engine plugin TraceUtilities
LogPluginManager: Mounting Engine plugin CameraCalibrationCore
LogPluginManager: Mounting Engine plugin Takes
LogPluginManager: Mounting Engine plugin WorldMetrics
LogPluginManager: Mounting Project plugin AnimModTool
LogPluginManager: Mounting Project plugin DLSSMoviePipelineSupport
LogPluginManager: Mounting Project plugin DLSS
LogPluginManager: Mounting Project plugin ImpostorBaker
LogPluginManager: Mounting Project plugin NIS
LogPluginManager: Mounting Project plugin OnlineSubsystemRedpointEOS
LogPluginManager: Mounting Project plugin Tether
LogNFORDenoise: NFORDenoise function starting up
LogRedpointEOSPlatformDesktop: Verbose: EOS SDK Dynamic Load - Starting dynamic load of EOS SDK...
LogRedpointEOSPlatformDesktop: Verbose: EOS SDK Dynamic Load - DLL found at: /gameserver/server/TheIsle/Binaries/Linux/libEOSSDK-Linux-Shipping.so
LogRedpointEOSPlatformDesktop: Verbose: EOS SDK Dynamic Load - Successfully loaded DLL at: /gameserver/server/TheIsle/Binaries/Linux/libEOSSDK-Linux-Shipping.so
LogRedpointEOSPlatform: Verbose: Added runtime integration: Epic
LogModuleManager: Warning: ModuleManager: Module 'RedpointEOSPlatformIntegrationGOG' not found - its StaticallyLinkedModuleInitializers function is null.
LogModuleManager: Warning: ModuleManager: Module 'RedpointEOSPlatformIntegrationMeta' not found - its StaticallyLinkedModuleInitializers function is null.
LogRedpointEOSCore: Verbose: Built against EOS SDK version: 1.17.0
LogRedpointEOSCore: Verbose: Loaded EOS SDK version: 1.17.0-39599718
LogRedpointEOSCore: Verbose: EOS SDK is being initialized...
LogRedpointEOSCore: Verbose: EOS SDK was initialized successfully.
LogRedpointEOSPlatformDesktop: Verbose: Using the following path as the cache directory: /gameserver/server/TheIsle/Saved/PersistentDownloadDir/EOSCache
LogRedpointEOSCore: Verbose: Creating EOS SDK platform instance: InstanceName=DefaultInstance, bIsServer=true
LogRedpointEOSCore: Verbose: EOS platform 0x761a0cf44240 has been created.
LogRedpointEOSIdentity: Verbose: DedicatedServer: Performed Login on dedicated server.
LogRedpointEOSIdentity: Verbose: Local user 0 is now signed in as (dedicated server)
LogOnlineSubsystemRedpointEOS: Verbose: Broadcasting 'OnLoginStatusChanged' event for local user 0.
LogSteamShared: Warning: Steam Dedicated Server API failed to initialize.
LogOnlineSubsystemRedpointEOS: Verbose: Broadcasting 'OnLoginChanged' event for local user 0.
LogOnlineSubsystemRedpointEOS: Verbose: Broadcasting 'OnLoginComplete' event for local user 0.
LogSteamShared: Warning: Steam Dedicated Server API failed to initialize.
LogDLSSBlueprint: Loaded DLSS-SR plugin version 4.0.2-NGX310.2.1.0
LogDLSSBlueprint: DLSS is not supported on this platform at build time. The DLSS Blueprint library however is supported and stubbed out to ignore any calls to enable DLSS and will always return UDLSSSupport::NotSupportedByPlatformAtBuildTime, regardless of the underlying hardware. This can be used to e.g. to turn off DLSS related UI elements.
[2026.03.26-00.00.27:880][  0]LogConsoleManager: Warning: Setting the console variable 'r.RenderTargetPoolMin' with 'SetByScalability' was ignored as it is lower priority than the previous 'SetByProjectSetting'. Value remains '600'
[2026.03.26-00.00.27:880][  0]LogHAL: Display: Platform has ~ 250 GB [267728121856 / 274877906944 / 250], which maps to Largest [LargestMinGB=32, LargerMinGB=12, DefaultMinGB=8, SmallerMinGB=6, SmallestMinGB=0)
[2026.03.26-00.00.27:880][  0]LogDeviceProfileManager: Going up to parent DeviceProfile [Linux]
[2026.03.26-00.00.27:880][  0]LogDeviceProfileManager: Going up to parent DeviceProfile []
[2026.03.26-00.00.27:880][  0]LogDeviceProfileManager: Pushing Device Profile CVar: [[AsyncTraceDelegateHitchThresholdMS:-1 -> 7.0]]
[2026.03.26-00.00.27:880][  0]LogDeviceProfileManager: Pushing Device Profile CVar: [[UI.SlateSDFText.RasterizationMode:Bitmap -> Msdf]]
[2026.03.26-00.00.27:880][  0]LogDeviceProfileManager: Pushing Device Profile CVar: [[UI.SlateSDFText.ResolutionLevel:2 -> 2]]
[2026.03.26-00.00.27:881][  0]LogConsoleManager: Warning: Setting the console variable 'r.RenderTargetPoolMin' with 'SetByScalability' was ignored as it is lower priority than the previous 'SetByProjectSetting'. Value remains '600'
[2026.03.26-00.00.27:881][  0]LogCore: Benchmarking clocks:
[2026.03.26-00.00.27:881][  0]LogCore:  - CLOCK_MONOTONIC (id=1) can sustain 47773017 (47773K, 48M) calls per second without zero deltas.
[2026.03.26-00.00.27:881][  0]LogCore:  - CLOCK_MONOTONIC_RAW (id=4) can sustain 47587736 (47588K, 48M) calls per second without zero deltas.
[2026.03.26-00.00.27:881][  0]LogCore:  - CLOCK_MONOTONIC_COARSE (id=6) can sustain 362404318 (362404K, 362M) calls per second with 99.999721% zero deltas.
[2026.03.26-00.00.27:881][  0]LogCore: Selected clock_id 1 (CLOCK_MONOTONIC) since it is the fastest support clock without zero deltas.
[2026.03.26-00.00.27:881][  0]LogTextLocalizationManager: No specific localization for 'en-US-POSIX' exists, so 'en' will be used for the language.
[2026.03.26-00.00.27:883][  0]LogSlate: Warning: FStarshipCoreStyle assets not detected, skipping FStarshipCoreStyle initialization
[2026.03.26-00.00.27:883][  0]LogSlate: Warning: FUMGCoreStyle assets not detected, skipping FUMGCoreStyle initialization
[2026.03.26-00.00.27:896][  0]LogRendererCore: Ray tracing is disabled. Reason: disabled through project setting (r.RayTracing=0).
[2026.03.26-00.00.27:903][  0]LogTextLocalizationManager: No specific localization for 'en-US-POSIX' exists, so 'en' will be used for the language.
[2026.03.26-00.00.27:904][  0]LogAssetRegistry: FAssetRegistry took 0.0001 seconds to start up
[2026.03.26-00.00.28:037][  0]LogFilePackageStore: Updated: NewPackages=49635, OldPackages=0, TotalPackages=49636
[2026.03.26-00.00.28:038][  0]LogDeviceProfileManager: Active device profile: [0x761a3c165b08][0x7619e73524a0 66] LinuxServer
[2026.03.26-00.00.28:065][  0]LogStats: UGameplayTagsManager::InitializeManager -  0.000 s
[2026.03.26-00.00.28:067][  0]LogAudioCaptureCore: Display: No Audio Capture implementations found. Audio input will be silent.
[2026.03.26-00.00.28:068][  0]LogRedpointEOSFrameworkExtra: Warning: The gameplay tag 'Item.Equipped.None' was not found. This tag is set on ability system components when no item is currently selected in a backpack component, instead of the ItemTag of the selected item.
[2026.03.26-00.00.28:068][  0]LogRedpointEOSFrameworkExtra: Warning: The gameplay tag 'Ability.CancelOnItemChange' was not found. This tag can be set on abilities to ensure they are cancelled when a player changes their current item selection in the backpack component.
[2026.03.26-00.00.28:075][  0]LogMetaSound: Display: MetaSound Page Target Initialized to 'Default'
[2026.03.26-00.00.28:081][  0]LogSlateStyle: Warning: Unable to find Slate Widget Style 'Slider'. Using FSliderStyle defaults instead.
[2026.03.26-00.00.28:081][  0]LogSlateStyle: Warning: Missing Resource from 'CoreStyle' Style: 'Unable to find Brush 'WhiteBrush'.'
[2026.03.26-00.00.28:083][  0]LogSlateStyle: Warning: Unable to find Slate Widget Style 'Button'. Using FButtonStyle defaults instead.
[2026.03.26-00.00.28:083][  0]LogSlateStyle: Warning: Unable to find Slate Widget Style 'Button'. Using FButtonStyle defaults instead.
[2026.03.26-00.00.28:085][  0]LogAudioCaptureCore: Display: No Audio Capture implementations found. Audio input will be silent.
[2026.03.26-00.00.28:085][  0]LogSlateStyle: Warning: Unable to find Slate Widget Style 'Button'. Using FButtonStyle defaults instead.
[2026.03.26-00.00.28:097][  0]LogPackageLocalizationCache: Processed 92 localized package path(s) for 1 prioritized culture(s) in 0.000144 seconds
[2026.03.26-00.00.28:099][  0]LogGauntlet: Display: Gauntlet Initialized
[2026.03.26-00.00.28:102][  0]LogNNERuntimeORT: MakeRuntimeORTDml:
[2026.03.26-00.00.28:102][  0]LogNNERuntimeORT:   DirectML:  no
[2026.03.26-00.00.28:102][  0]LogNNERuntimeORT:   RHI D3D12: no
[2026.03.26-00.00.28:102][  0]LogNNERuntimeORT:   D3D12:     no
[2026.03.26-00.00.28:102][  0]LogNNERuntimeORT:   NPU:       no
[2026.03.26-00.00.28:102][  0]LogNNERuntimeORT: Interface availability:
[2026.03.26-00.00.28:102][  0]LogNNERuntimeORT:   GPU: no
[2026.03.26-00.00.28:102][  0]LogNNERuntimeORT:   RDG: no
[2026.03.26-00.00.28:102][  0]LogNNERuntimeORT:   NPU: no
[2026.03.26-00.00.28:102][  0]LogNNERuntimeORT: NNERuntimeORTDml is not available!
[2026.03.26-00.00.28:110][  0]LogMetaSound: MetaSound Engine Initialized
[2026.03.26-00.00.28:114][  0]LogSlateStyle: Warning: Unable to find Slate Widget Style 'SpinBox'. Using FSpinBoxStyle defaults instead.
[2026.03.26-00.00.28:114][  0]LogSlateStyle: Warning: Unable to find Slate Widget Style 'Button'. Using FButtonStyle defaults instead.
[2026.03.26-00.00.28:114][  0]LogSlateStyle: Warning: Unable to find Slate Widget Style 'ComboButton'. Using FComboButtonStyle defaults instead.
[2026.03.26-00.00.28:114][  0]LogSlateStyle: Warning: Missing Resource from 'CoreStyle' Style: 'Unable to find Brush 'NoBrush'.'
[2026.03.26-00.00.28:114][  0]LogSlateStyle: Warning: Unable to find Slate Widget Style 'NumericEntrySpinBox'. Using FSpinBoxStyle defaults instead.
[2026.03.26-00.00.28:114][  0]LogSlateStyle: Warning: Unable to find Slate Widget Style 'NormalEditableTextBox'. Using FEditableTextBoxStyle defaults instead.
[2026.03.26-00.00.28:114][  0]LogSlateStyle: Warning: Unable to find Slate Widget Style 'SpinBox'. Using FSpinBoxStyle defaults instead.
[2026.03.26-00.00.28:114][  0]LogSlateStyle: Warning: Unable to find Slate Widget Style 'DarkEditableTextBox'. Using FEditableTextBoxStyle defaults instead.
[2026.03.26-00.00.28:124][  0]LogUObjectArray: 41279 objects as part of root set at end of initial load.
[2026.03.26-00.00.28:124][  0]LogUObjectArray: 4 objects are not in the root set, but can never be destroyed because they are in the DisregardForGC set.
[2026.03.26-00.00.28:124][  0]LogUObjectArray: CloseDisregardForGC: 41279/41279 objects in disregard for GC pool
[2026.03.26-00.00.28:124][  0]LogEngine: Initializing Engine...
[2026.03.26-00.00.28:129][  0]LogAssetManager: Display: Ignoring PrimaryAssetType PrimaryAssetLabel - Conflicts with UMGCalendarAssetStyle_C - Asset: CalendarDefaultStyle
[2026.03.26-00.00.28:135][  0]LogNetVersion: Set ProjectVersion to 0.21.414. Version Checksum will be recalculated on next use.
[2026.03.26-00.00.28:137][  0]LogNiagara: UAV Float16 is not supported, compressed GPU emitters will be disabled.
[2026.03.26-00.00.28:138][  0]LogOnlineBlueprint: Verbose: OnlineAchievementsSubsystem subsystem initialized in context Context_0
[2026.03.26-00.00.28:138][  0]LogOnlineBlueprint: Verbose: OnlineAvatarSubsystem subsystem initialized in context Context_0
[2026.03.26-00.00.28:138][  0]LogOnlineBlueprint: Verbose: OnlineChatSubsystem subsystem initialized in context Context_0
[2026.03.26-00.00.28:138][  0]LogOnlineBlueprint: Verbose: OnlineEntitlementsSubsystem subsystem initialized in context Context_0
[2026.03.26-00.00.28:138][  0]LogOnlineBlueprint: Verbose: OnlineEventsSubsystem subsystem initialized in context Context_0
[2026.03.26-00.00.28:138][  0]LogOnlineBlueprint: Verbose: OnlineExternalUISubsystem subsystem initialized in context Context_0
[2026.03.26-00.00.28:138][  0]LogOnlineBlueprint: Verbose: OnlineGameActivitySubsystem subsystem initialized in context Context_0
[2026.03.26-00.00.28:138][  0]LogOnlineBlueprint: Verbose: OnlineGameItemStatsSubsystem subsystem initialized in context Context_0
[2026.03.26-00.00.28:138][  0]LogOnlineBlueprint: Verbose: OnlineGroupsSubsystem subsystem initialized in context Context_0
[2026.03.26-00.00.28:138][  0]LogOnlineBlueprint: Verbose: OnlineIdentitySubsystem subsystem initialized in context Context_0
[2026.03.26-00.00.28:138][  0]LogOnlineBlueprint: Verbose: OnlineLeaderboardsSubsystem subsystem initialized in context Context_0
[2026.03.26-00.00.28:138][  0]LogOnlineBlueprint: Verbose: OnlineLobbySubsystem subsystem initialized in context Context_0
[2026.03.26-00.00.28:138][  0]LogOnlineBlueprint: Verbose: OnlineMessageSanitizerSubsystem subsystem initialized in context Context_0
[2026.03.26-00.00.28:140][  0]LogSteamShared: Warning: Steam Dedicated Server API failed to initialize.
[2026.03.26-00.00.28:141][  0]LogSteamShared: Warning: Steam Dedicated Server API failed to initialize.
[2026.03.26-00.00.28:141][  0]LogOnlineBlueprint: Verbose: OnlineMessageSubsystem subsystem initialized in context Context_0
[2026.03.26-00.00.28:142][  0]LogOnlineBlueprint: Verbose: OnlinePresenceSubsystem subsystem initialized in context Context_0
[2026.03.26-00.00.28:142][  0]LogOnlineBlueprint: Verbose: OnlinePurchaseSubsystem subsystem initialized in context Context_0
[2026.03.26-00.00.28:142][  0]LogOnlineBlueprint: Verbose: OnlineSharedCloudSubsystem subsystem initialized in context Context_0
[2026.03.26-00.00.28:142][  0]LogOnlineBlueprint: Verbose: OnlineSharingSubsystem subsystem initialized in context Context_0
[2026.03.26-00.00.28:142][  0]LogOnlineBlueprint: Verbose: OnlineStatsSubsystem subsystem initialized in context Context_0
[2026.03.26-00.00.28:142][  0]LogOnlineBlueprint: Verbose: OnlineStoreV2Subsystem subsystem initialized in context Context_0
[2026.03.26-00.00.28:142][  0]LogOnlineBlueprint: Verbose: OnlineTimeSubsystem subsystem initialized in context Context_0
[2026.03.26-00.00.28:142][  0]LogOnlineBlueprint: Verbose: OnlineTitleFileSubsystem subsystem initialized in context Context_0
[2026.03.26-00.00.28:142][  0]LogOnlineBlueprint: Verbose: OnlineTournamentSubsystem subsystem initialized in context Context_0
[2026.03.26-00.00.28:142][  0]LogOnlineBlueprint: Verbose: OnlineTurnBasedSubsystem subsystem initialized in context Context_0
[2026.03.26-00.00.28:142][  0]LogOnlineBlueprint: Verbose: OnlineUserCloudSubsystem subsystem initialized in context Context_0
[2026.03.26-00.00.28:142][  0]LogOnlineBlueprint: Verbose: OnlineUserSubsystem subsystem initialized in context Context_0
[2026.03.26-00.00.28:142][  0]LogOnlineBlueprint: Verbose: OnlineVoiceAdminSubsystem subsystem initialized in context Context_0
[2026.03.26-00.00.28:142][  0]LogOnlineBlueprint: Verbose: OnlineVoiceSubsystem subsystem initialized in context Context_0
[2026.03.26-00.00.28:142][  0]LogOnlineBlueprint: Verbose: OnlineFriendsSubsystem subsystem initialized in context Context_0
[2026.03.26-00.00.28:142][  0]LogOnlineBlueprint: Verbose: OnlinePartySubsystem subsystem initialized in context Context_0
[2026.03.26-00.00.28:142][  0]LogOnlineBlueprint: Verbose: OnlineSessionSubsystem subsystem initialized in context Context_0
[2026.03.26-00.00.28:142][  0]LogAbilitySystem: Display: Processing InitializeRuntimeObjectLibrary.
[2026.03.26-00.00.28:149][  0]LogNIS: StartupModule Enter
[2026.03.26-00.00.28:149][  0]LogNIS: StartupModule Leave
[2026.03.26-00.00.28:149][  0]LogGlobalStatus: Browse Started Browse: "/Game/TheIsle/Maps/TitleMap?Name=Player"
[2026.03.26-00.00.28:157][  0]LogLoad: LoadMap: /Game/TheIsle/Maps/TitleMap?Name=Player
[2026.03.26-00.00.28:157][  0]LogWorld: BeginTearingDown for /Temp/Untitled_0
[2026.03.26-00.00.28:157][  0]LogWorld: UWorld::CleanupWorld for Untitled, bSessionEnded=true, bCleanupResources=true
[2026.03.26-00.00.28:160][  0]LogUObjectHash: Compacting FUObjectHashTables data took   1.23ms
[2026.03.26-00.00.28:471][  0]LogLoad: Game class is 'BP_TitleGameMode_C'
[2026.03.26-00.00.28:471][  0]LogNetCore: DDoS detection status: detection enabled: 0 analytics enabled: 0
[2026.03.26-00.00.28:472][  0]LogIrisDirtyTracker: FDirtyNetObjectTracker::Init[0]: CurrentMaxSize: 65536
[2026.03.26-00.00.28:474][  0]LogPushModel: PushModel HandleCreation is now disabled
[2026.03.26-00.00.28:475][  0]LogWorld: Bringing World /Game/TheIsle/Maps/TitleMap.TitleMap up for play (max tick rate 30) at 2026.03.26-00.00.28
[2026.03.26-00.00.28:475][  0]LogWorld: Bringing up level for play took: 0.000275
[2026.03.26-00.00.28:476][  0]LogLoad: Took 0.318686 seconds to LoadMap(/Game/TheIsle/Maps/TitleMap)
[2026.03.26-00.00.28:476][  0]LogGlobalStatus: LoadMap Load map complete /Game/TheIsle/Maps/TitleMap
[2026.03.26-00.00.28:494][  0]LogLoad: (Engine Initialization) Total time: 0.78 seconds
[2026.03.26-00.00.28:527][  0]LogGlobalStatus: Browse Started Browse: "/Game/TheIsle/Maps/Game/Gateway/Gateway?Name=Player?listen"
[2026.03.26-00.00.28:527][  0]LogLoad: LoadMap: /Game/TheIsle/Maps/Game/Gateway/Gateway?Name=Player?listen
[2026.03.26-00.00.28:527][  0]LogWorld: BeginTearingDown for /Game/TheIsle/Maps/TitleMap
[2026.03.26-00.00.28:528][  0]LogExit: Name:GameNetDriver Def:GameNetDriver RedpointEOSNetDriver_2147482228 shut down
[2026.03.26-00.00.28:529][  0]LogWorld: UWorld::CleanupWorld for TitleMap, bSessionEnded=true, bCleanupResources=true
[2026.03.26-00.00.28:548][  0]LogUObjectHash: Compacting FUObjectHashTables data took   1.87ms
[2026.03.26-00.00.34:485][  0]LogLoad: Game class is 'BP_SurvivalGameMode_C'
[2026.03.26-00.00.34:486][  0]LogNetCore: DDoS detection status: detection enabled: 0 analytics enabled: 0
[2026.03.26-00.00.34:487][  0]LogIrisDirtyTracker: FDirtyNetObjectTracker::Init[0]: CurrentMaxSize: 65536
[2026.03.26-00.00.34:488][  0]LogPushModel: PushModel HandleCreation is now disabled
[2026.03.26-00.00.34:489][  0]LogChaos: RegisterAsyncPhysicsTickActor TIWorldSettings @ 0x76196f0c82f0
[2026.03.26-00.00.35:096][  0]LogWorld: Bringing World /Game/TheIsle/Maps/Game/Gateway/Gateway.Gateway up for play (max tick rate 30) at 2026.03.26-00.00.35
[2026.03.26-00.00.35:097][  0]LogWorld: Bringing up level for play took: 0.607331
[2026.03.26-00.00.35:097][  0]LogNavigationDataBuild: RecastNavMesh_UAID_A85E451539F62A1202-Characters: AgentMaxStepHeight (40.000000) for resolution Low is not high enough in steep slopes (AgentMaxSlope is 70.000000). Use AgentMaxStepHeight bigger than 84.000000 or a smaller AgentMaxSlope to avoid undesirable navmesh holes in steep slopes. This can also be avoided by using smaller CellSize and CellHeight.
[2026.03.26-00.00.35:097][  0]LogNavigationDataBuild: RecastNavMesh_UAID_A85E451539F62A1202-Characters: AgentMaxStepHeight (40.000000) for resolution Default is not high enough in steep slopes (AgentMaxSlope is 70.000000). Use AgentMaxStepHeight bigger than 170.000000 or a smaller AgentMaxSlope to avoid undesirable navmesh holes in steep slopes. This can also be avoided by using smaller CellSize and CellHeight.
[2026.03.26-00.00.35:097][  0]LogNavigationDataBuild: RecastNavMesh_UAID_A85E451539F62A1202-Characters: AgentMaxStepHeight (40.000000) for resolution High is not high enough in steep slopes (AgentMaxSlope is 70.000000). Use AgentMaxStepHeight bigger than 165.000000 or a smaller AgentMaxSlope to avoid undesirable navmesh holes in steep slopes. This can also be avoided by using smaller CellSize and CellHeight.
[2026.03.26-00.00.35:124][  0]r.SkyLight.RealTimeReflectionCapture = "0"
[2026.03.26-00.00.35:124][  0]r.VolumetricCloud.ApplyFogLate = "1"
[2026.03.26-00.00.35:124][  0]r.OIT.SortedPixels.PassType = "2"
[2026.03.26-00.00.35:124][  0]r.SkyAtmosphere.EditorNotifications = "0"
[2026.03.26-00.00.35:124][  0]r.LightFunctionQuality = "2"
[2026.03.26-00.00.35:124][  0]r.EyeAdaptation.BlackHistogramBucketInfluence = "0.5"
[2026.03.26-00.00.35:126][  0]fx.Niagara.Emitter.ComputePSOPrecacheMode = "0"
[2026.03.26-00.00.35:126][  0]LogBlueprintUserMessages: Warning: Failed to find console variable 'r.Lumen.HardwareRayTracing.SkipBackFaceHitDistance'.
[2026.03.26-00.00.35:132][  0]LogLoad: Took 6.605043 seconds to LoadMap(/Game/TheIsle/Maps/Game/Gateway/Gateway)
[2026.03.26-00.00.35:132][  0]LogGlobalStatus: LoadMap Load map complete /Game/TheIsle/Maps/Game/Gateway/Gateway
[2026.03.26-00.00.52:089][507]LogTheIsleCommandData: [2026.03.26-00.00.52] RCON Command Used [Get Player List] : 
[2026.03.26-00.00.58:900][711]LogTheIsleCommandData: [2026.03.26-00.00.58] RCON Command Used [Get Player List] : 
[2026.03.26-00.01.04:711][885]LogTheIsleCommandData: [2026.03.26-00.01.04] RCON Command Used [Get Player List] : 
[2026.03.26-00.01.12:526][119]LogTheIsleCommandData: [2026.03.26-00.01.12] RCON Command Used [Get Player List] : 
[2026.03.26-00.01.19:303][322]LogTheIsleCommandData: [2026.03.26-00.01.19] RCON Command Used [Get Player List] : 
[2026.03.26-00.01.25:113][496]LogTheIsleCommandData: [2026.03.26-00.01.25] RCON Command Used [Get Player List] : 
[2026.03.26-00.01.30:523][658]LogSockets: Warning: Failed to read address for socket (SE_ENOTCONN) with error -1
[2026.03.26-00.01.30:523][658]LogSockets: Warning: Failed to read address for socket (SE_ENOTCONN) with error -1
[2026.03.26-00.01.31:891][699]LogTheIsleCommandData: [2026.03.26-00.01.31] RCON Command Used [Get Player List] : 
[2026.03.26-00.01.38:670][902]LogSockets: Warning: Failed to read address for socket (SE_ENOTCONN) with error -1
[2026.03.26-00.01.38:670][902]LogSockets: Warning: Failed to read address for socket (SE_ENOTCONN) with error -1
[2026.03.26-00.01.39:738][934]LogTheIsleCommandData: [2026.03.26-00.01.39] RCON Command Used [Get Player List] : 
[2026.03.26-00.01.45:148][ 96]LogSockets: Warning: Failed to read address for socket (SE_ENOTCONN) with error -1
[2026.03.26-00.01.45:148][ 96]LogSockets: Warning: Failed to read address for socket (SE_ENOTCONN) with error -1
[2026.03.26-00.01.47:519][167]LogTheIsleCommandData: [2026.03.26-00.01.47] RCON Command Used [Get Player List] : 
[2026.03.26-00.01.51:491][286]LogNetVersion: TheIsle 0.21.414, NetCL: 0, EngineNetworkVersion: 42, GameNetworkVersion: 0 (Checksum: 2046416888)
[2026.03.26-00.01.53:262][339]LogTheIsleCommandData: [2026.03.26-00.01.53] RCON Command Used [Get Player List] : 
[2026.03.26-00.02.00:040][542]LogTheIsleCommandData: [2026.03.26-00.02.00] RCON Command Used [Get Player List] : 
[2026.03.26-00.02.05:450][704]LogSockets: Warning: Failed to read address for socket (SE_ENOTCONN) with error -1
[2026.03.26-00.02.05:450][704]LogSockets: Warning: Failed to read address for socket (SE_ENOTCONN) with error -1
[2026.03.26-00.02.06:852][746]LogTheIsleCommandData: [2026.03.26-00.02.06] RCON Command Used [Get Player List] : 
[2026.03.26-00.02.09:194][816]LogTheIsleJoinData: [2026.03.26-00.02.09] Kaos Maximo [76561198091988153] Joined The Server. Save file found Dino: BP_Tyrannosaurus_C, Gender: Male, Growth: 0.877219
[2026.03.26-00.02.13:598][948]LogSockets: Warning: Failed to read address for socket (SE_ENOTCONN) with error -1
[2026.03.26-00.02.13:598][948]LogSockets: Warning: Failed to read address for socket (SE_ENOTCONN) with error -1
[2026.03.26-00.02.14:633][979]LogTheIsleCommandData: [2026.03.26-00.02.14] RCON Command Used [Get Player List] : 
[2026.03.26-00.02.22:079][202]LogSockets: Warning: Failed to read address for socket (SE_ENOTCONN) with error -1
[2026.03.26-00.02.22:079][202]LogSockets: Warning: Failed to read address for socket (SE_ENOTCONN) with error -1
[2026.03.26-00.02.23:114][233]LogTheIsleCommandData: [2026.03.26-00.02.23] RCON Command Used [Get Player List] : 
[2026.03.26-00.02.30:126][443]LogSockets: Warning: Failed to read address for socket (SE_ENOTCONN) with error -1
[2026.03.26-00.02.30:126][443]LogSockets: Warning: Failed to read address for socket (SE_ENOTCONN) with error -1
[2026.03.26-00.02.31:565][486]LogTheIsleJoinData: [2026.03.26-00.02.31] JJoness290 [76561198798435427] Joined The Server. Save file found Dino: BP_Tyrannosaurus_C, Gender: Male, Growth: 0.250000
[2026.03.26-00.02.32:527][512]LogTheIsleCommandData: [2026.03.26-00.02.32] RCON Command Used [Get Player List] : 
[2026.03.26-00.02.39:638][725]LogSockets: Warning: Failed to read address for socket (SE_ENOTCONN) with error -1
[2026.03.26-00.02.39:638][725]LogSockets: Warning: Failed to read address for socket (SE_ENOTCONN) with error -1
[2026.03.26-00.02.39:837][731]LogTheIsleCommandData: [2026.03.26-00.02.39] JJoness290 [76561198798435427] used command: Bring at: Kaos Maximo, [76561198091988153], Class: Tyrannosaurus, Gender: Male, Previous value: 0.000000%, New value: 0.000000%
[2026.03.26-00.02.42:104][796]LogTheIsleCommandData: [2026.03.26-00.02.42] RCON Command Used [Get Player List] : 
[2026.03.26-00.02.43:442][836]LogTheIsleJoinData: [2026.03.26-00.02.43] duck [76561199812354519] Joined The Server. Save file found Dino: BP_Triceratops_C, Gender: Male, Growth: 1.000000
[2026.03.26-00.02.49:218][  8]LogSockets: Warning: Failed to read address for socket (SE_ENOTCONN) with error -1
[2026.03.26-00.02.49:218][  8]LogSockets: Warning: Failed to read address for socket (SE_ENOTCONN) with error -1
[2026.03.26-00.02.50:519][ 47]LogTheIsleCommandData: [2026.03.26-00.02.50] JJoness290 [76561198798435427] used command: Go to at: duck, [76561199812354519], Class: Tyrannosaurus, Gender: Male, Previous value: 0.000000%, New value: 0.000000%
[2026.03.26-00.02.50:653][ 51]LogTheIsleCommandData: [2026.03.26-00.02.50] RCON Command Used [Get Player List] : 
[2026.03.26-00.02.51:700][ 78]LogTheIsleCommandData: [2026.03.26-00.02.51] JJoness290 [76561198798435427] used command: Bring at: Kaos Maximo, [76561198091988153], Class: Tyrannosaurus, Gender: Male, Previous value: 0.000000%, New value: 0.000000%
[2026.03.26-00.02.53:407][129]LogTheIsleJoinData: [2026.03.26-00.02.53] KidBear [76561199436698935] Joined The Server. Save file found Dino: BP_Triceratops_C, Gender: Male, Growth: 0.901667
[2026.03.26-00.02.53:785][140]LogTheIsleCommandData: [2026.03.26-00.02.53] JJoness290 [76561198798435427] used command: Bring at: Kaos Maximo, [76561198091988153], Class: Tyrannosaurus, Gender: Male, Previous value: 0.000000%, New value: 0.000000%
[2026.03.26-00.02.58:261][274]LogTheIsleCommandData: [2026.03.26-00.02.58] RCON Command Used [Get Player List] : 
[2026.03.26-00.02.58:459][280]LogTheIsleCommandData: [2026.03.26-00.02.58] JJoness290 [76561198798435427] used command: Bring at: Kaos Maximo, [76561198091988153], Class: Tyrannosaurus, Gender: Male, Previous value: 0.000000%, New value: 0.000000%
[2026.03.26-00.02.59:428][309]LogTheIsleCommandData: [2026.03.26-00.02.59] JJoness290 [76561198798435427] used command: Bring at: Kaos Maximo, [76561198091988153], Class: Tyrannosaurus, Gender: Male, Previous value: 0.000000%, New value: 0.000000%
[2026.03.26-00.03.03:334][426]LogTheIsleCommandData: [2026.03.26-00.03.03] JJoness290 [76561198798435427] used command: Bring at: Kaos Maximo, [76561198091988153], Class: Tyrannosaurus, Gender: Male, Previous value: 0.000000%, New value: 0.000000%
[2026.03.26-00.03.05:137][480]LogTheIsleCommandData: [2026.03.26-00.03.05] JJoness290 [76561198798435427] used command: Bring at: Kaos Maximo, [76561198091988153], Class: Tyrannosaurus, Gender: Male, Previous value: 0.000000%, New value: 0.000000%
[2026.03.26-00.03.05:773][499]LogSockets: Warning: Failed to read address for socket (SE_ENOTCONN) with error -1
[2026.03.26-00.03.05:773][499]LogSockets: Warning: Failed to read address for socket (SE_ENOTCONN) with error -1
[2026.03.26-00.03.06:808][530]LogTheIsleCommandData: [2026.03.26-00.03.06] RCON Command Used [Get Player List] : 
[2026.03.26-00.03.10:131][626]LogTheIsleJoinData: [2026.03.26-00.03.10] SleepyBear [76561199170469822] Joined The Server. Save file found Dino: BP_Gallimimus_C, Gender: Male, Growth: 1.000000
[2026.03.26-00.03.12:828][699]LogTheIsleCommandData: [2026.03.26-00.03.12] JJoness290 [76561198798435427] used command: Bring at: Kaos Maximo, [76561198091988153], Class: Tyrannosaurus, Gender: Male, Previous value: 0.000000%, New value: 0.000000%
[2026.03.26-00.03.14:298][743]LogSockets: Warning: Failed to read address for socket (SE_ENOTCONN) with error -1
[2026.03.26-00.03.14:298][743]LogSockets: Warning: Failed to read address for socket (SE_ENOTCONN) with error -1
[2026.03.26-00.03.15:334][774]LogTheIsleCommandData: [2026.03.26-00.03.15] RCON Command Used [Get Player List] : 
[2026.03.26-00.03.17:569][841]LogTheIsleCommandData: [2026.03.26-00.03.17] JJoness290 [76561198798435427] used command: Go to at: Kaos Maximo, [76561198091988153], Class: Tyrannosaurus, Gender: Male, Previous value: 0.000000%, New value: 0.000000%
[2026.03.26-00.03.22:546][990]LogSockets: Warning: Failed to read address for socket (SE_ENOTCONN) with error -1
[2026.03.26-00.03.22:546][990]LogSockets: Warning: Failed to read address for socket (SE_ENOTCONN) with error -1
[2026.03.26-00.03.23:916][ 31]LogSockets: Warning: Failed to read address for socket (SE_ENOTCONN) with error -1
[2026.03.26-00.03.23:916][ 31]LogSockets: Warning: Failed to read address for socket (SE_ENOTCONN) with error -1
[2026.03.26-00.03.24:882][ 60]LogTheIsleCommandData: [2026.03.26-00.03.24] JJoness290 [76561198798435427] used command: Go to at: duck, [76561199812354519], Class: Tyrannosaurus, Gender: Male, Previous value: 0.000000%, New value: 0.000000%
[2026.03.26-00.03.24:984][ 63]LogTheIsleCommandData: [2026.03.26-00.03.24] RCON Command Used [Get Player List] : 
[2026.03.26-00.03.26:118][ 97]LogTheIsleCommandData: [2026.03.26-00.03.26] JJoness290 [76561198798435427] used command: Bring at: Kaos Maximo, [76561198091988153], Class: Tyrannosaurus, Gender: Male, Previous value: 0.000000%, New value: 0.000000%
[2026.03.26-00.03.32:530][289]LogSockets: Warning: Failed to read address for socket (SE_ENOTCONN) with error -1
[2026.03.26-00.03.32:530][289]LogSockets: Warning: Failed to read address for socket (SE_ENOTCONN) with error -1
[2026.03.26-00.03.33:297][312]LogTheIsleCommandData: [2026.03.26-00.03.33] JJoness290 [76561198798435427] used command: Bring at: Kaos Maximo, [76561198091988153], Class: Tyrannosaurus, Gender: Male, Previous value: 0.000000%, New value: 0.000000%
[2026.03.26-00.03.33:601][321]LogTheIsleCommandData: [2026.03.26-00.03.33] RCON Command Used [Get Player List] : 
[2026.03.26-00.03.34:666][353]LogTheIsleCommandData: [2026.03.26-00.03.34] JJoness290 [76561198798435427] used command: Bring at: Kaos Maximo, [76561198091988153], Class: Tyrannosaurus, Gender: Male, Previous value: 0.000000%, New value: 0.000000%
[2026.03.26-00.03.35:334][373]LogTheIsleCommandData: [2026.03.26-00.03.35] JJoness290 [76561198798435427] used command: Bring at: Kaos Maximo, [76561198091988153], Class: Tyrannosaurus, Gender: Male, Previous value: 0.000000%, New value: 0.000000%
[2026.03.26-00.03.36:002][393]LogTheIsleCommandData: [2026.03.26-00.03.36] JJoness290 [76561198798435427] used command: Bring at: Kaos Maximo, [76561198091988153], Class: Tyrannosaurus, Gender: Male, Previous value: 0.000000%, New value: 0.000000%
[2026.03.26-00.03.40:310][522]LogTheIsleKillData: [2026.03.26-00.03.40] Kaos Maximo [76561198091988153] Dino: Tyrannosaurus, Male, 0.878886 - Died from Natural cause
[2026.03.26-00.03.40:310][522]LogTheIsleCommandData: [2026.03.26-00.03.40] JJoness290 [76561198798435427] used command: Slay at: Kaos Maximo, [76561198091988153], Class: Tyrannosaurus, Gender: Male, Previous value: 0.000000%, New value: 0.000000%
[2026.03.26-00.03.41:079][545]LogSockets: Warning: Failed to read address for socket (SE_ENOTCONN) with error -1
[2026.03.26-00.03.41:079][545]LogSockets: Warning: Failed to read address for socket (SE_ENOTCONN) with error -1
[2026.03.26-00.03.42:147][577]LogTheIsleCommandData: [2026.03.26-00.03.42] RCON Command Used [Get Player List] : 
[2026.03.26-00.03.49:360][793]LogSockets: Warning: Failed to read address for socket (SE_ENOTCONN) with error -1
[2026.03.26-00.03.49:360][793]LogSockets: Warning: Failed to read address for socket (SE_ENOTCONN) with error -1
[2026.03.26-00.03.50:729][834]LogSockets: Warning: Failed to read address for socket (SE_ENOTCONN) with error -1
[2026.03.26-00.03.50:729][834]LogSockets: Warning: Failed to read address for socket (SE_ENOTCONN) with error -1
[2026.03.26-00.03.51:831][867]LogTheIsleCommandData: [2026.03.26-00.03.51] RCON Command Used [Get Player List] : 
[2026.03.26-00.03.58:843][ 77]LogSockets: Warning: Failed to read address for socket (SE_ENOTCONN) with error -1
[2026.03.26-00.03.58:843][ 77]LogSockets: Warning: Failed to read address for socket (SE_ENOTCONN) with error -1
[2026.03.26-00.04.00:212][118]LogSockets: Warning: Failed to read address for socket (SE_ENOTCONN) with error -1
[2026.03.26-00.04.00:212][118]LogSockets: Warning: Failed to read address for socket (SE_ENOTCONN) with error -1
[2026.03.26-00.04.01:281][150]LogTheIsleCommandData: [2026.03.26-00.04.01] RCON Command Used [Get Player List] : 
[2026.03.26-00.04.05:526][277]LogTheIsleJoinData: [2026.03.26-00.04.05] Kaos Maximo [76561198091988153] Save file not found - Starting as fresh spawn. Class: BP_Tyrannosaurus_C, Gender: Male, Growth: 0.250000
[2026.03.26-00.04.06:020][288]LogTheIsleCommandData: [2026.03.26-00.04.06] JJoness290 [76561198798435427] used command: Bring at: Kaos Maximo, [76561198091988153], Class: Tyrannosaurus, Gender: Male, Previous value: 0.000000%, New value: 0.000000%
[2026.03.26-00.04.08:395][358]LogSockets: Warning: Failed to read address for socket (SE_ENOTCONN) with error -1
[2026.03.26-00.04.08:395][358]LogSockets: Warning: Failed to read address for socket (SE_ENOTCONN) with error -1
[2026.03.26-00.04.09:765][399]LogSockets: Warning: Failed to read address for socket (SE_ENOTCONN) with error -1
[2026.03.26-00.04.09:765][399]LogSockets: Warning: Failed to read address for socket (SE_ENOTCONN) with error -1
[2026.03.26-00.04.10:833][431]LogTheIsleCommandData: [2026.03.26-00.04.10] RCON Command Used [Get Player List] : 
[2026.03.26-00.04.14:572][543]LogTheIsleCommandData: [2026.03.26-00.04.14] JJoness290 [76561198798435427] used command: Grow at: Kaos Maximo, [76561198091988153], Class: Tyrannosaurus, Gender: Male, Previous value: 0.250000%, New value: 0.752222%
[2026.03.26-00.04.17:945][644]LogSockets: Warning: Failed to read address for socket (SE_ENOTCONN) with error -1
[2026.03.26-00.04.17:945][644]LogSockets: Warning: Failed to read address for socket (SE_ENOTCONN) with error -1
[2026.03.26-00.04.19:314][685]LogSockets: Warning: Failed to read address for socket (SE_ENOTCONN) with error -1
[2026.03.26-00.04.19:314][685]LogSockets: Warning: Failed to read address for socket (SE_ENOTCONN) with error -1
[2026.03.26-00.04.20:383][717]LogTheIsleCommandData: [2026.03.26-00.04.20] RCON Command Used [Get Player List] : 
[2026.03.26-00.04.27:896][942]LogSockets: Warning: Failed to read address for socket (SE_ENOTCONN) with error -1
[2026.03.26-00.04.27:896][942]LogSockets: Warning: Failed to read address for socket (SE_ENOTCONN) with error -1
[2026.03.26-00.04.28:964][974]LogTheIsleCommandData: [2026.03.26-00.04.28] RCON Command Used [Get Player List] : 
[2026.03.26-00.04.34:478][139]LogTheIsleJoinData: [2026.03.26-00.04.34] shadbear [76561198752520824] Joined The Server. Save file found Dino: BP_Triceratops_C, Gender: Male, Growth: 1.000000
[2026.03.26-00.04.36:079][187]LogSockets: Warning: Failed to read address for socket (SE_ENOTCONN) with error -1
[2026.03.26-00.04.36:079][187]LogSockets: Warning: Failed to read address for socket (SE_ENOTCONN) with error -1
[2026.03.26-00.04.37:481][229]LogTheIsleCommandData: [2026.03.26-00.04.37] RCON Command Used [Get Player List] : 
[2026.03.26-00.04.44:594][442]LogSockets: Warning: Failed to read address for socket (SE_ENOTCONN) with error -1
[2026.03.26-00.04.44:595][442]LogSockets: Warning: Failed to read address for socket (SE_ENOTCONN) with error -1
[2026.03.26-00.04.45:964][483]LogSockets: Warning: Failed to read address for socket (SE_ENOTCONN) with error -1
[2026.03.26-00.04.45:964][483]LogSockets: Warning: Failed to read address for socket (SE_ENOTCONN) with error -1
[2026.03.26-00.04.47:032][515]LogTheIsleCommandData: [2026.03.26-00.04.47] RCON Command Used [Get Player List] : 
[2026.03.26-00.04.54:578][741]LogTheIsleCommandData: [2026.03.26-00.04.54] RCON Command Used [Get Player List] : 
[2026.03.26-00.05.01:707][953]LogSockets: Warning: Failed to read address for socket (SE_ENOTCONN) with error -1
[2026.03.26-00.05.01:707][953]LogSockets: Warning: Failed to read address for socket (SE_ENOTCONN) with error -1
[2026.03.26-00.05.03:076][994]LogSockets: Warning: Failed to read address for socket (SE_ENOTCONN) with error -1
[2026.03.26-00.05.03:076][994]LogSockets: Warning: Failed to read address for socket (SE_ENOTCONN) with error -1
[2026.03.26-00.05.04:145][ 26]LogTheIsleCommandData: [2026.03.26-00.05.04] RCON Command Used [Get Player List] : 
[2026.03.26-00.05.11:257][239]LogSockets: Warning: Failed to read address for socket (SE_ENOTCONN) with error -1
[2026.03.26-00.05.11:257][239]LogSockets: Warning: Failed to read address for socket (SE_ENOTCONN) with error -1
[2026.03.26-00.05.12:693][282]LogTheIsleCommandData: [2026.03.26-00.05.12] RCON Command Used [Get Player List] : 
[2026.03.26-00.05.19:805][495]LogSockets: Warning: Failed to read address for socket (SE_ENOTCONN) with error -1
[2026.03.26-00.05.19:805][495]LogSockets: Warning: Failed to read address for socket (SE_ENOTCONN) with error -1
[2026.03.26-00.05.21:141][535]LogSockets: Warning: Failed to read address for socket (SE_ENOTCONN) with error -1
[2026.03.26-00.05.21:141][535]LogSockets: Warning: Failed to read address for socket (SE_ENOTCONN) with error -1
[2026.03.26-00.05.22:209][567]LogTheIsleCommandData: [2026.03.26-00.05.22] RCON Command Used [Get Player List] : 
[2026.03.26-00.05.29:321][780]LogSockets: Warning: Failed to read address for socket (SE_ENOTCONN) with error -1
[2026.03.26-00.05.29:321][780]LogSockets: Warning: Failed to read address for socket (SE_ENOTCONN) with error -1
[2026.03.26-00.05.30:758][823]LogTheIsleCommandData: [2026.03.26-00.05.30] RCON Command Used [Get Player List] : 
[2026.03.26-00.05.38:307][ 49]LogTheIsleCommandData: [2026.03.26-00.05.38] RCON Command Used [Get Player List] : 
[2026.03.26-00.05.45:420][262]LogSockets: Warning: Failed to read address for socket (SE_ENOTCONN) with error -1
[2026.03.26-00.05.45:420][262]LogSockets: Warning: Failed to read address for socket (SE_ENOTCONN) with error -1
[2026.03.26-00.05.46:789][303]LogSockets: Warning: Failed to read address for socket (SE_ENOTCONN) with error -1
[2026.03.26-00.05.46:789][303]LogSockets: Warning: Failed to read address for socket (SE_ENOTCONN) with error -1
[2026.03.26-00.05.47:858][335]LogTheIsleCommandData: [2026.03.26-00.05.47] RCON Command Used [Get Player List] : 
[2026.03.26-00.05.48:060][342]LogTheIsleJoinData: [0:5] JJoness290 [76561198798435427] Left The Server while not being safelogged, Was playing as: Tyrannosaurus, Gender: Male, Growth: 0.254419
[2026.03.26-00.05.55:103][552]LogSockets: Warning: Failed to read address for socket (SE_ENOTCONN) with error -1
[2026.03.26-00.05.55:103][552]LogSockets: Warning: Failed to read address for socket (SE_ENOTCONN) with error -1
[2026.03.26-00.05.56:205][585]LogTheIsleCommandData: [2026.03.26-00.05.56] RCON Command Used [Get Player List] : 
[2026.03.26-00.06.01:083][731]LogTheIsleJoinData: [2026.03.26-00.06.01] splatter [76561199446883966] Joined The Server. Save file found Dino: BP_Omniraptor_C, Gender: Male, Growth: 0.891667
[2026.03.26-00.06.03:218][795]LogSockets: Warning: Failed to read address for socket (SE_ENOTCONN) with error -1
[2026.03.26-00.06.03:218][795]LogSockets: Warning: Failed to read address for socket (SE_ENOTCONN) with error -1
[2026.03.26-00.06.04:553][835]LogTheIsleCommandData: [2026.03.26-00.06.04] RCON Command Used [Get Player List] : 
[2026.03.26-00.06.11:966][ 57]LogTheIsleCommandData: [2026.03.26-00.06.11] RCON Command Used [Get Player List] : 
[2026.03.26-00.06.15:637][167]LogTheIsleKillData: [2026.03.26-00.06.15] shadbear [76561198752520824] Dino: Triceratops, Male, 1.000000 - Died from Natural cause
[2026.03.26-00.06.15:638][167]LogTheIsleCommandData: [2026.03.26-00.06.15] splatter [76561199446883966] used command: Slay at: shadbear, [76561198752520824], Class: Triceratops, Gender: Male, Previous value: 0.000000%, New value: 0.000000%
[2026.03.26-00.06.18:978][267]LogSockets: Warning: Failed to read address for socket (SE_ENOTCONN) with error -1
[2026.03.26-00.06.18:978][267]LogSockets: Warning: Failed to read address for socket (SE_ENOTCONN) with error -1
[2026.03.26-00.06.20:251][305]LogSockets: Warning: Failed to read address for socket (SE_ENOTCONN) with error -1
[2026.03.26-00.06.20:251][305]LogSockets: Warning: Failed to read address for socket (SE_ENOTCONN) with error -1
[2026.03.26-00.06.21:382][339]LogTheIsleCommandData: [2026.03.26-00.06.21] RCON Command Used [Get Player List] : 
[2026.03.26-00.06.28:092][540]LogAbilitySystem: Display: InternalServerTryActivateAbility: Rejecting ClientActivation of Default__GA_OpenCorpse_C with PredictionKey [4852/0]. InternalTryActivateAbility failed: 
[2026.03.26-00.06.28:761][560]LogTheIsleCommandData: [2026.03.26-00.06.28] RCON Command Used [Get Player List] : 
[2026.03.26-00.06.35:773][770]LogSockets: Warning: Failed to read address for socket (SE_ENOTCONN) with error -1
[2026.03.26-00.06.35:773][770]LogSockets: Warning: Failed to read address for socket (SE_ENOTCONN) with error -1
[2026.03.26-00.06.36:340][787]LogTheIsleCommandData: [2026.03.26-00.06.36] splatter [76561199446883966] used command: Heal at: duck, [76561199812354519], Class: Triceratops, Gender: Male, Previous value: 0.000000%, New value: 0.000000%
[2026.03.26-00.06.37:008][807]LogSockets: Warning: Failed to read address for socket (SE_ENOTCONN) with error -1
[2026.03.26-00.06.37:008][807]LogSockets: Warning: Failed to read address for socket (SE_ENOTCONN) with error -1
[2026.03.26-00.06.37:175][812]LogTheIsleCommandData: [2026.03.26-00.06.37] splatter [76561199446883966] used command: Heal at: SleepyBear, [76561199170469822], Class: Gallimimus, Gender: Male, Previous value: 0.000000%, New value: 0.000000%
[2026.03.26-00.06.38:111][840]LogTheIsleCommandData: [2026.03.26-00.06.38] RCON Command Used [Get Player List] : 
[2026.03.26-00.06.38:376][848]LogTheIsleCommandData: [2026.03.26-00.06.38] splatter [76561199446883966] used command: Heal at: KidBear, [76561199436698935], Class: Triceratops, Gender: Male, Previous value: 0.000000%, New value: 0.000000%
[2026.03.26-00.06.45:124][ 50]LogSockets: Warning: Failed to read address for socket (SE_ENOTCONN) with error -1
[2026.03.26-00.06.45:124][ 50]LogSockets: Warning: Failed to read address for socket (SE_ENOTCONN) with error -1
[2026.03.26-00.06.46:358][ 87]LogSockets: Warning: Failed to read address for socket (SE_ENOTCONN) with error -1
[2026.03.26-00.06.46:358][ 87]LogSockets: Warning: Failed to read address for socket (SE_ENOTCONN) with error -1
[2026.03.26-00.06.47:494][121]LogTheIsleCommandData: [2026.03.26-00.06.47] RCON Command Used [Get Player List] : 
[2026.03.26-00.06.54:506][331]LogSockets: Warning: Failed to read address for socket (SE_ENOTCONN) with error -1
[2026.03.26-00.06.54:506][331]LogSockets: Warning: Failed to read address for socket (SE_ENOTCONN) with error -1
[2026.03.26-00.06.55:741][368]LogSockets: Warning: Failed to read address for socket (SE_ENOTCONN) with error -1
[2026.03.26-00.06.55:741][368]LogSockets: Warning: Failed to read address for socket (SE_ENOTCONN) with error -1
[2026.03.26-00.06.56:877][402]LogTheIsleCommandData: [2026.03.26-00.06.56] RCON Command Used [Get Player List] : 
[2026.03.26-00.07.03:889][612]LogSockets: Warning: Failed to read address for socket (SE_ENOTCONN) with error -1
[2026.03.26-00.07.03:889][612]LogSockets: Warning: Failed to read address for socket (SE_ENOTCONN) with error -1
[2026.03.26-00.07.05:125][649]LogSockets: Warning: Failed to read address for socket (SE_ENOTCONN) with error -1
[2026.03.26-00.07.05:125][649]LogSockets: Warning: Failed to read address for socket (SE_ENOTCONN) with error -1
[2026.03.26-00.07.05:193][651]LogTheIsleJoinData: [2026.03.26-00.07.05] shadbear [76561198752520824] Save file not found - Starting as fresh spawn. Class: BP_Triceratops_C, Gender: Male, Growth: 0.250000
[2026.03.26-00.07.06:227][682]LogTheIsleCommandData: [2026.03.26-00.07.06] RCON Command Used [Get Player List] : 
[2026.03.26-00.07.13:241][881]LogSockets: Warning: Failed to read address for socket (SE_ENOTCONN) with error -1
[2026.03.26-00.07.13:241][881]LogSockets: Warning: Failed to read address for socket (SE_ENOTCONN) with error -1
[2026.03.26-00.07.14:510][919]LogSockets: Warning: Failed to read address for socket (SE_ENOTCONN) with error -1
[2026.03.26-00.07.14:510][919]LogSockets: Warning: Failed to read address for socket (SE_ENOTCONN) with error -1
[2026.03.26-00.07.15:646][953]LogTheIsleCommandData: [2026.03.26-00.07.15] RCON Command Used [Get Player List] : 
[2026.03.26-00.07.22:657][163]LogSockets: Warning: Failed to read address for socket (SE_ENOTCONN) with error -1
[2026.03.26-00.07.22:657][163]LogSockets: Warning: Failed to read address for socket (SE_ENOTCONN) with error -1
[2026.03.26-00.07.23:891][200]LogTheIsleCharacter: [2026.03.26-00.07.23]  [76561199436698935], Dino: Triceratops, Gender: Male, Growth: 1.000000, Selected Mutation: [Traumatic Thrombosis]
[2026.03.26-00.07.23:926][201]LogSockets: Warning: Failed to read address for socket (SE_ENOTCONN) with error -1
[2026.03.26-00.07.23:926][201]LogSockets: Warning: Failed to read address for socket (SE_ENOTCONN) with error -1
[2026.03.26-00.07.25:031][234]LogTheIsleCommandData: [2026.03.26-00.07.25] RCON Command Used [Get Player List] : 
[2026.03.26-00.07.26:798][287]LogTheIsleJoinData: [0:7] SleepyBear [76561199170469822] Left The Server whilebeing safelogged, Was playing as: Gallimimus, Gender: Male, Growth: 1.000000
[2026.03.26-00.07.28:515][337]LogTheIsleJoinData: [0:7] splatter [76561199446883966] Left The Server while not being safelogged, Was playing as: Omniraptor, Gender: Male, Growth: 0.898333
[2026.03.26-00.07.29:513][366]LogTheIsleCharacter: [2026.03.26-00.07.29]  [76561198091988153], Dino: Tyrannosaurus, Gender: Male, Growth: 0.755555, Selected Mutation: [Efficient Digestion]
[2026.03.26-00.07.32:041][441]LogSockets: Warning: Failed to read address for socket (SE_ENOTCONN) with error -1
[2026.03.26-00.07.32:041][441]LogSockets: Warning: Failed to read address for socket (SE_ENOTCONN) with error -1
[2026.03.26-00.07.32:845][466]LogTheIsleJoinData: [0:7] shadbear [76561198752520824] Left The Server while not being safelogged, Was playing as: Triceratops, Gender: Male, Growth: 0.252220
[2026.03.26-00.07.33:273][476]LogSockets: Warning: Failed to read address for socket (SE_ENOTCONN) with error -1
[2026.03.26-00.07.33:273][476]LogSockets: Warning: Failed to read address for socket (SE_ENOTCONN) with error -1
[2026.03.26-00.07.34:386][510]LogTheIsleCommandData: [2026.03.26-00.07.34] RCON Command Used [Get Player List] : 
[2026.03.26-00.07.36:123][563]LogTheIsleJoinData: [0:7] duck [76561199812354519] Left The Server while not being safelogged, Was playing as: Triceratops, Gender: Male, Growth: 1.000000
[2026.03.26-00.07.41:398][720]LogSockets: Warning: Failed to read address for socket (SE_ENOTCONN) with error -1
[2026.03.26-00.07.41:398][720]LogSockets: Warning: Failed to read address for socket (SE_ENOTCONN) with error -1
[2026.03.26-00.07.42:667][758]LogSockets: Warning: Failed to read address for socket (SE_ENOTCONN) with error -1
[2026.03.26-00.07.42:667][758]LogSockets: Warning: Failed to read address for socket (SE_ENOTCONN) with error -1
[2026.03.26-00.07.43:769][791]LogTheIsleCommandData: [2026.03.26-00.07.43] RCON Command Used [Get Player List] : 
[2026.03.26-00.07.50:781][  1]LogSockets: Warning: Failed to read address for socket (SE_ENOTCONN) with error -1
[2026.03.26-00.07.50:781][  1]LogSockets: Warning: Failed to read address for socket (SE_ENOTCONN) with error -1
[2026.03.26-00.07.52:149][ 42]LogTheIsleCommandData: [2026.03.26-00.07.52] RCON Command Used [Get Player List] : 
[2026.03.26-00.07.59:161][252]LogSockets: Warning: Failed to read address for socket (SE_ENOTCONN) with error -1
[2026.03.26-00.07.59:161][252]LogSockets: Warning: Failed to read address for socket (SE_ENOTCONN) with error -1
[2026.03.26-00.08.00:430][290]LogSockets: Warning: Failed to read address for socket (SE_ENOTCONN) with error -1
[2026.03.26-00.08.00:430][290]LogSockets: Warning: Failed to read address for socket (SE_ENOTCONN) with error -1
[2026.03.26-00.08.01:533][323]LogTheIsleCommandData: [2026.03.26-00.08.01] RCON Command Used [Get Player List] : 
[2026.03.26-00.08.08:545][533]LogSockets: Warning: Failed to read address for socket (SE_ENOTCONN) with error -1
[2026.03.26-00.08.08:545][533]LogSockets: Warning: Failed to read address for socket (SE_ENOTCONN) with error -1
[2026.03.26-00.08.09:780][570]LogSockets: Warning: Failed to read address for socket (SE_ENOTCONN) with error -1
[2026.03.26-00.08.09:780][570]LogSockets: Warning: Failed to read address for socket (SE_ENOTCONN) with error -1
[2026.03.26-00.08.10:916][604]LogTheIsleCommandData: [2026.03.26-00.08.10] RCON Command Used [Get Player List] : 
[2026.03.26-00.08.17:928][814]LogSockets: Warning: Failed to read address for socket (SE_ENOTCONN) with error -1
[2026.03.26-00.08.17:928][814]LogSockets: Warning: Failed to read address for socket (SE_ENOTCONN) with error -1
[2026.03.26-00.08.19:196][852]LogSockets: Warning: Failed to read address for socket (SE_ENOTCONN) with error -1
[2026.03.26-00.08.19:196][852]LogSockets: Warning: Failed to read address for socket (SE_ENOTCONN) with error -1
[2026.03.26-00.08.20:332][886]LogTheIsleCommandData: [2026.03.26-00.08.20] RCON Command Used [Get Player List] : 
[2026.03.26-00.08.27:345][ 96]LogSockets: Warning: Failed to read address for socket (SE_ENOTCONN) with error -1
[2026.03.26-00.08.27:345][ 96]LogSockets: Warning: Failed to read address for socket (SE_ENOTCONN) with error -1
[2026.03.26-00.08.28:680][136]LogTheIsleCommandData: [2026.03.26-00.08.28] RCON Command Used [Get Player List] : 
[2026.03.26-00.08.35:692][346]LogSockets: Warning: Failed to read address for socket (SE_ENOTCONN) with error -1
[2026.03.26-00.08.35:692][346]LogSockets: Warning: Failed to read address for socket (SE_ENOTCONN) with error -1
[2026.03.26-00.08.37:062][387]LogTheIsleCommandData: [2026.03.26-00.08.37] RCON Command Used [Get Player List] : 
[2026.03.26-00.08.44:073][597]LogSockets: Warning: Failed to read address for socket (SE_ENOTCONN) with error -1
[2026.03.26-00.08.44:073][597]LogSockets: Warning: Failed to read address for socket (SE_ENOTCONN) with error -1
[2026.03.26-00.08.45:342][635]LogSockets: Warning: Failed to read address for socket (SE_ENOTCONN) with error -1
[2026.03.26-00.08.45:342][635]LogSockets: Warning: Failed to read address for socket (SE_ENOTCONN) with error -1
[2026.03.26-00.08.46:444][668]LogTheIsleCommandData: [2026.03.26-00.08.46] RCON Command Used [Get Player List] : 
[2026.03.26-00.08.53:456][878]LogSockets: Warning: Failed to read address for socket (SE_ENOTCONN) with error -1
[2026.03.26-00.08.53:456][878]LogSockets: Warning: Failed to read address for socket (SE_ENOTCONN) with error -1
[2026.03.26-00.08.54:692][915]LogSockets: Warning: Failed to read address for socket (SE_ENOTCONN) with error -1
[2026.03.26-00.08.54:692][915]LogSockets: Warning: Failed to read address for socket (SE_ENOTCONN) with error -1
[2026.03.26-00.08.55:794][948]LogTheIsleCommandData: [2026.03.26-00.08.55] RCON Command Used [Get Player List] : 
[2026.03.26-00.09.02:806][158]LogSockets: Warning: Failed to read address for socket (SE_ENOTCONN) with error -1
[2026.03.26-00.09.02:806][158]LogSockets: Warning: Failed to read address for socket (SE_ENOTCONN) with error -1
[2026.03.26-00.09.04:075][196]LogSockets: Warning: Failed to read address for socket (SE_ENOTCONN) with error -1
[2026.03.26-00.09.04:075][196]LogSockets: Warning: Failed to read address for socket (SE_ENOTCONN) with error -1
[2026.03.26-00.09.05:177][229]LogTheIsleCommandData: [2026.03.26-00.09.05] RCON Command Used [Get Player List] : 
[2026.03.26-00.09.12:189][439]LogSockets: Warning: Failed to read address for socket (SE_ENOTCONN) with error -1
[2026.03.26-00.09.12:189][439]LogSockets: Warning: Failed to read address for socket (SE_ENOTCONN) with error -1
[2026.03.26-00.09.13:491][478]LogSockets: Warning: Failed to read address for socket (SE_ENOTCONN) with error -1
[2026.03.26-00.09.13:491][478]LogSockets: Warning: Failed to read address for socket (SE_ENOTCONN) with error -1
[2026.03.26-00.09.14:627][512]LogTheIsleCommandData: [2026.03.26-00.09.14] RCON Command Used [Get Player List] : 
[2026.03.26-00.09.22:074][735]LogTheIsleCommandData: [2026.03.26-00.09.22] RCON Command Used [Get Player List] : 
[2026.03.26-00.09.29:553][959]LogTheIsleCommandData: [2026.03.26-00.09.29] RCON Command Used [Get Player List] : 
[2026.03.26-00.09.36:666][172]LogSockets: Warning: Failed to read address for socket (SE_ENOTCONN) with error -1
[2026.03.26-00.09.36:666][172]LogSockets: Warning: Failed to read address for socket (SE_ENOTCONN) with error -1
[2026.03.26-00.09.38:035][213]LogSockets: Warning: Failed to read address for socket (SE_ENOTCONN) with error -1
[2026.03.26-00.09.38:035][213]LogSockets: Warning: Failed to read address for socket (SE_ENOTCONN) with error -1
[2026.03.26-00.09.39:103][245]LogTheIsleCommandData: [2026.03.26-00.09.39] RCON Command Used [Get Player List] : 
[2026.03.26-00.09.46:117][455]LogSockets: Warning: Failed to read address for socket (SE_ENOTCONN) with error -1
[2026.03.26-00.09.46:117][455]LogSockets: Warning: Failed to read address for socket (SE_ENOTCONN) with error -1
[2026.03.26-00.09.47:586][499]LogTheIsleCommandData: [2026.03.26-00.09.47] RCON Command Used [Get Player List] : 
[2026.03.26-00.09.54:998][721]LogTheIsleCommandData: [2026.03.26-00.09.54] RCON Command Used [Get Player List] : 
[2026.03.26-00.10.02:412][943]LogTheIsleCommandData: [2026.03.26-00.10.02] RCON Command Used [Get Player List] : 
[2026.03.26-00.10.09:289][149]LogTheIsleKillData: [2026.03.26-00.10.09] KidBear [76561199436698935] Dino: Triceratops, Male, 1.000000 - Killed the following player: , [76561199812354519], Dino: Triceratops, Gender: Male, Growth: 1.000000, at: X=-365508.771 Y=277808.534 Z=21031.773
[2026.03.26-00.10.09:624][159]LogSockets: Warning: Failed to read address for socket (SE_ENOTCONN) with error -1
[2026.03.26-00.10.09:624][159]LogSockets: Warning: Failed to read address for socket (SE_ENOTCONN) with error -1
[2026.03.26-00.10.10:959][199]LogSockets: Warning: Failed to read address for socket (SE_ENOTCONN) with error -1
[2026.03.26-00.10.10:959][199]LogSockets: Warning: Failed to read address for socket (SE_ENOTCONN) with error -1
[2026.03.26-00.10.12:030][231]LogTheIsleCommandData: [2026.03.26-00.10.12] RCON Command Used [Get Player List] : 
[2026.03.26-00.10.17:403][392]LogTheIsleKillData: [2026.03.26-00.10.17] KidBear [76561199436698935] Dino: Triceratops, Male, 1.000000 - Killed the following player: Kaos Maximo, [76561198091988153], Dino: Tyrannosaurus, Gender: Male, Growth: 0.758888, at: X=-363574.032 Y=277504.584 Z=21123.438
[2026.03.26-00.10.19:141][444]LogSockets: Warning: Failed to read address for socket (SE_ENOTCONN) with error -1
[2026.03.26-00.10.19:141][444]LogSockets: Warning: Failed to read address for socket (SE_ENOTCONN) with error -1
[2026.03.26-00.10.20:476][484]LogSockets: Warning: Failed to read address for socket (SE_ENOTCONN) with error -1
[2026.03.26-00.10.20:476][484]LogSockets: Warning: Failed to read address for socket (SE_ENOTCONN) with error -1
[2026.03.26-00.10.21:512][515]LogTheIsleCommandData: [2026.03.26-00.10.21] RCON Command Used [Get Player List] : 
[2026.03.26-00.10.21:845][525]LogTheIsleKillData: [2026.03.26-00.10.21] KidBear [76561199436698935] Dino: Triceratops, Male, 1.000000 - Killed the following player: , [76561199446883966], Dino: Omniraptor, Gender: Male, Growth: 0.898333, at: X=-365288.431 Y=276725.939 Z=20945.556
[2026.03.26-00.10.26:022][650]LogTheIsleJoinData: [2026.03.26-00.10.26] JJoness290 [76561198798435427] Joined The Server. Save file found Dino: BP_Tyrannosaurus_C, Gender: Male, Growth: 0.254419
[2026.03.26-00.10.28:625][728]LogSockets: Warning: Failed to read address for socket (SE_ENOTCONN) with error -1
[2026.03.26-00.10.28:625][728]LogSockets: Warning: Failed to read address for socket (SE_ENOTCONN) with error -1
[2026.03.26-00.10.30:060][771]LogTheIsleCommandData: [2026.03.26-00.10.30] RCON Command Used [Get Player List] : 
[2026.03.26-00.10.37:172][984]LogSockets: Warning: Failed to read address for socket (SE_ENOTCONN) with error -1
[2026.03.26-00.10.37:172][984]LogSockets: Warning: Failed to read address for socket (SE_ENOTCONN) with error -1
[2026.03.26-00.10.38:642][ 28]LogTheIsleCommandData: [2026.03.26-00.10.38] RCON Command Used [Get Player List] : 
[2026.03.26-00.10.45:655][238]LogSockets: Warning: Failed to read address for socket (SE_ENOTCONN) with error -1
[2026.03.26-00.10.45:655][238]LogSockets: Warning: Failed to read address for socket (SE_ENOTCONN) with error -1
[2026.03.26-00.10.47:057][280]LogSockets: Warning: Failed to read address for socket (SE_ENOTCONN) with error -1
[2026.03.26-00.10.47:057][280]LogSockets: Warning: Failed to read address for socket (SE_ENOTCONN) with error -1
[2026.03.26-00.10.48:126][312]LogTheIsleCommandData: [2026.03.26-00.10.48] RCON Command Used [Get Player List] : 
[2026.03.26-00.10.55:239][525]LogSockets: Warning: Failed to read address for socket (SE_ENOTCONN) with error -1
[2026.03.26-00.10.55:239][525]LogSockets: Warning: Failed to read address for socket (SE_ENOTCONN) with error -1
[2026.03.26-00.10.56:607][566]LogSockets: Warning: Failed to read address for socket (SE_ENOTCONN) with error -1
[2026.03.26-00.10.56:607][566]LogSockets: Warning: Failed to read address for socket (SE_ENOTCONN) with error -1
[2026.03.26-00.10.57:676][598]LogTheIsleCommandData: [2026.03.26-00.10.57] RCON Command Used [Get Player List] : 
[2026.03.26-00.11.03:688][778]LogTheIsleJoinData: [2026.03.26-00.11.03] Kaos Maximo [76561198091988153] Save file not found - Starting as fresh spawn. Class: BP_Tyrannosaurus_C, Gender: Male, Growth: 0.250000
[2026.03.26-00.11.04:989][817]LogSockets: Warning: Failed to read address for socket (SE_ENOTCONN) with error -1
[2026.03.26-00.11.04:989][817]LogSockets: Warning: Failed to read address for socket (SE_ENOTCONN) with error -1
[2026.03.26-00.11.06:358][858]LogTheIsleCommandData: [2026.03.26-00.11.06] RCON Command Used [Get Player List] : 
[2026.03.26-00.11.13:904][ 84]LogTheIsleCommandData: [2026.03.26-00.11.13] RCON Command Used [Get Player List] : 
[2026.03.26-00.11.21:017][297]LogSockets: Warning: Failed to read address for socket (SE_ENOTCONN) with error -1
[2026.03.26-00.11.21:017][297]LogSockets: Warning: Failed to read address for socket (SE_ENOTCONN) with error -1
[2026.03.26-00.11.22:385][338]LogSockets: Warning: Failed to read address for socket (SE_ENOTCONN) with error -1
[2026.03.26-00.11.22:385][338]LogSockets: Warning: Failed to read address for socket (SE_ENOTCONN) with error -1
[2026.03.26-00.11.23:453][370]LogTheIsleCommandData: [2026.03.26-00.11.23] RCON Command Used [Get Player List] : 
[2026.03.26-00.11.30:567][583]LogSockets: Warning: Failed to read address for socket (SE_ENOTCONN) with error -1
[2026.03.26-00.11.30:567][583]LogSockets: Warning: Failed to read address for socket (SE_ENOTCONN) with error -1
[2026.03.26-00.11.31:799][620]LogTheIsleCommandData: [2026.03.26-00.11.31] JJoness290 [76561198798435427] used command: Bring at: KidBear, [76561199436698935], Class: Triceratops, Gender: Male, Previous value: 0.000000%, New value: 0.000000%
[2026.03.26-00.11.31:968][625]LogSockets: Warning: Failed to read address for socket (SE_ENOTCONN) with error -1
[2026.03.26-00.11.31:968][625]LogSockets: Warning: Failed to read address for socket (SE_ENOTCONN) with error -1
[2026.03.26-00.11.33:004][656]LogTheIsleCommandData: [2026.03.26-00.11.33] RCON Command Used [Get Player List] : 
[2026.03.26-00.11.33:102][659]LogTheIsleCommandData: [2026.03.26-00.11.33] JJoness290 [76561198798435427] used command: Bring at: Kaos Maximo, [76561198091988153], Class: Tyrannosaurus, Gender: Male, Previous value: 0.000000%, New value: 0.000000%
[2026.03.26-00.11.40:115][869]LogSockets: Warning: Failed to read address for socket (SE_ENOTCONN) with error -1
[2026.03.26-00.11.40:115][869]LogSockets: Warning: Failed to read address for socket (SE_ENOTCONN) with error -1
[2026.03.26-00.11.41:485][910]LogSockets: Warning: Failed to read address for socket (SE_ENOTCONN) with error -1
[2026.03.26-00.11.41:485][910]LogSockets: Warning: Failed to read address for socket (SE_ENOTCONN) with error -1
[2026.03.26-00.11.42:554][942]LogTheIsleCommandData: [2026.03.26-00.11.42] RCON Command Used [Get Player List] : 
[2026.03.26-00.11.49:666][155]LogSockets: Warning: Failed to read address for socket (SE_ENOTCONN) with error -1
[2026.03.26-00.11.49:666][155]LogSockets: Warning: Failed to read address for socket (SE_ENOTCONN) with error -1
[2026.03.26-00.11.51:035][196]LogSockets: Warning: Failed to read address for socket (SE_ENOTCONN) with error -1
[2026.03.26-00.11.51:035][196]LogSockets: Warning: Failed to read address for socket (SE_ENOTCONN) with error -1
[2026.03.26-00.11.52:103][228]LogTheIsleCommandData: [2026.03.26-00.11.52] RCON Command Used [Get Player List] : 
[2026.03.26-00.11.59:215][441]LogSockets: Warning: Failed to read address for socket (SE_ENOTCONN) with error -1
[2026.03.26-00.11.59:215][441]LogSockets: Warning: Failed to read address for socket (SE_ENOTCONN) with error -1
[2026.03.26-00.12.00:585][482]LogSockets: Warning: Failed to read address for socket (SE_ENOTCONN) with error -1
[2026.03.26-00.12.00:585][482]LogSockets: Warning: Failed to read address for socket (SE_ENOTCONN) with error -1
[2026.03.26-00.12.01:652][514]LogTheIsleCommandData: [2026.03.26-00.12.01] RCON Command Used [Get Player List] : 
[2026.03.26-00.12.08:766][727]LogSockets: Warning: Failed to read address for socket (SE_ENOTCONN) with error -1
[2026.03.26-00.12.08:766][727]LogSockets: Warning: Failed to read address for socket (SE_ENOTCONN) with error -1
[2026.03.26-00.12.10:134][768]LogSockets: Warning: Failed to read address for socket (SE_ENOTCONN) with error -1
[2026.03.26-00.12.10:134][768]LogSockets: Warning: Failed to read address for socket (SE_ENOTCONN) with error -1
[2026.03.26-00.12.10:533][780]LogTheIsleCommandData: [2026.03.26-00.12.10] JJoness290 [76561198798435427] used command: Grow at: Kaos Maximo, [76561198091988153], Class: Tyrannosaurus, Gender: Male, Previous value: 0.250000%, New value: 0.752218%
[2026.03.26-00.12.11:203][800]LogTheIsleCommandData: [2026.03.26-00.12.11] RCON Command Used [Get Player List] : 
[2026.03.26-00.12.18:315][ 13]LogSockets: Warning: Failed to read address for socket (SE_ENOTCONN) with error -1
[2026.03.26-00.12.18:315][ 13]LogSockets: Warning: Failed to read address for socket (SE_ENOTCONN) with error -1
[2026.03.26-00.12.19:717][ 55]LogSockets: Warning: Failed to read address for socket (SE_ENOTCONN) with error -1
[2026.03.26-00.12.19:717][ 55]LogSockets: Warning: Failed to read address for socket (SE_ENOTCONN) with error -1
[2026.03.26-00.12.20:787][ 87]LogTheIsleCommandData: [2026.03.26-00.12.20] RCON Command Used [Get Player List] : 
[2026.03.26-00.12.27:899][300]LogSockets: Warning: Failed to read address for socket (SE_ENOTCONN) with error -1
[2026.03.26-00.12.27:899][300]LogSockets: Warning: Failed to read address for socket (SE_ENOTCONN) with error -1
[2026.03.26-00.12.29:302][342]LogSockets: Warning: Failed to read address for socket (SE_ENOTCONN) with error -1
[2026.03.26-00.12.29:302][342]LogSockets: Warning: Failed to read address for socket (SE_ENOTCONN) with error -1
[2026.03.26-00.12.30:371][374]LogTheIsleCommandData: [2026.03.26-00.12.30] RCON Command Used [Get Player List] : 
[2026.03.26-00.12.33:174][458]LogTheIsleCharacter: [2026.03.26-00.12.33]  [76561198091988153], Dino: Tyrannosaurus, Gender: Male, Growth: 0.752218, Selected Mutation: [Efficient Digestion]
[2026.03.26-00.12.37:583][590]LogSockets: Warning: Failed to read address for socket (SE_ENOTCONN) with error -1
[2026.03.26-00.12.37:583][590]LogSockets: Warning: Failed to read address for socket (SE_ENOTCONN) with error -1
[2026.03.26-00.12.38:952][631]LogSockets: Warning: Failed to read address for socket (SE_ENOTCONN) with error -1
[2026.03.26-00.12.38:952][631]LogSockets: Warning: Failed to read address for socket (SE_ENOTCONN) with error -1
[2026.03.26-00.12.40:021][663]LogTheIsleCommandData: [2026.03.26-00.12.40] RCON Command Used [Get Player List] : 
[2026.03.26-00.12.47:133][876]LogSockets: Warning: Failed to read address for socket (SE_ENOTCONN) with error -1
[2026.03.26-00.12.47:133][876]LogSockets: Warning: Failed to read address for socket (SE_ENOTCONN) with error -1
[2026.03.26-00.12.48:569][919]LogSockets: Warning: Failed to read address for socket (SE_ENOTCONN) with error -1
[2026.03.26-00.12.48:569][919]LogSockets: Warning: Failed to read address for socket (SE_ENOTCONN) with error -1
[2026.03.26-00.12.49:637][951]LogTheIsleCommandData: [2026.03.26-00.12.49] RCON Command Used [Get Player List] : 
[2026.03.26-00.12.50:172][967]LogTheIsleJoinData: [0:12] KidBear [76561199436698935] Left The Server whilebeing safelogged, Was playing as: Triceratops, Gender: Male, Growth: 1.000000
[2026.03.26-00.12.56:750][164]LogSockets: Warning: Failed to read address for socket (SE_ENOTCONN) with error -1
[2026.03.26-00.12.56:750][164]LogSockets: Warning: Failed to read address for socket (SE_ENOTCONN) with error -1
[2026.03.26-00.12.58:153][206]LogSockets: Warning: Failed to read address for socket (SE_ENOTCONN) with error -1
[2026.03.26-00.12.58:153][206]LogSockets: Warning: Failed to read address for socket (SE_ENOTCONN) with error -1
[2026.03.26-00.12.59:221][238]LogTheIsleCommandData: [2026.03.26-00.12.59] RCON Command Used [Get Player List] : 
[2026.03.26-00.13.06:333][451]LogSockets: Warning: Failed to read address for socket (SE_ENOTCONN) with error -1
[2026.03.26-00.13.06:333][451]LogSockets: Warning: Failed to read address for socket (SE_ENOTCONN) with error -1
[2026.03.26-00.13.07:736][493]LogSockets: Warning: Failed to read address for socket (SE_ENOTCONN) with error -1
[2026.03.26-00.13.07:736][493]LogSockets: Warning: Failed to read address for socket (SE_ENOTCONN) with error -1
[2026.03.26-00.13.08:804][525]LogTheIsleCommandData: [2026.03.26-00.13.08] RCON Command Used [Get Player List] : 
[2026.03.26-00.13.16:351][751]LogTheIsleCommandData: [2026.03.26-00.13.16] RCON Command Used [Get Player List] : 
[2026.03.26-00.13.23:463][964]LogSockets: Warning: Failed to read address for socket (SE_ENOTCONN) with error -1
[2026.03.26-00.13.23:463][964]LogSockets: Warning: Failed to read address for socket (SE_ENOTCONN) with error -1
[2026.03.26-00.13.24:933][  8]LogTheIsleCommandData: [2026.03.26-00.13.24] RCON Command Used [Get Player List] : 
[2026.03.26-00.13.32:044][221]LogSockets: Warning: Failed to read address for socket (SE_ENOTCONN) with error -1
[2026.03.26-00.13.32:044][221]LogSockets: Warning: Failed to read address for socket (SE_ENOTCONN) with error -1
[2026.03.26-00.13.33:447][263]LogSockets: Warning: Failed to read address for socket (SE_ENOTCONN) with error -1
[2026.03.26-00.13.33:447][263]LogSockets: Warning: Failed to read address for socket (SE_ENOTCONN) with error -1
[2026.03.26-00.13.34:516][295]LogTheIsleCommandData: [2026.03.26-00.13.34] RCON Command Used [Get Player List] : 
[2026.03.26-00.13.34:815][304]LogTheIsleCommandData: [2026.03.26-00.13.34] JJoness290 [76561198798435427] used command: Grow at: Kaos Maximo, [76561198091988153], Class: Tyrannosaurus, Gender: Male, Previous value: 0.753884%, New value: 0.801667%
[2026.03.26-00.13.41:628][508]LogSockets: Warning: Failed to read address for socket (SE_ENOTCONN) with error -1
[2026.03.26-00.13.41:628][508]LogSockets: Warning: Failed to read address for socket (SE_ENOTCONN) with error -1
[2026.03.26-00.13.43:031][550]LogSockets: Warning: Failed to read address for socket (SE_ENOTCONN) with error -1
[2026.03.26-00.13.43:031][550]LogSockets: Warning: Failed to read address for socket (SE_ENOTCONN) with error -1
[2026.03.26-00.13.44:099][582]LogTheIsleCommandData: [2026.03.26-00.13.44] RCON Command Used [Get Player List] : 
[2026.03.26-00.13.51:411][801]LogSockets: Warning: Failed to read address for socket (SE_ENOTCONN) with error -1
[2026.03.26-00.13.51:411][801]LogSockets: Warning: Failed to read address for socket (SE_ENOTCONN) with error -1
[2026.03.26-00.13.52:747][841]LogSockets: Warning: Failed to read address for socket (SE_ENOTCONN) with error -1
[2026.03.26-00.13.52:747][841]LogSockets: Warning: Failed to read address for socket (SE_ENOTCONN) with error -1
[2026.03.26-00.13.53:816][873]LogTheIsleCommandData: [2026.03.26-00.13.53] RCON Command Used [Get Player List] : 
[2026.03.26-00.14.00:929][ 86]LogSockets: Warning: Failed to read address for socket (SE_ENOTCONN) with error -1
[2026.03.26-00.14.00:929][ 86]LogSockets: Warning: Failed to read address for socket (SE_ENOTCONN) with error -1
[2026.03.26-00.14.02:331][128]LogSockets: Warning: Failed to read address for socket (SE_ENOTCONN) with error -1
[2026.03.26-00.14.02:331][128]LogSockets: Warning: Failed to read address for socket (SE_ENOTCONN) with error -1
[2026.03.26-00.14.03:399][160]LogTheIsleCommandData: [2026.03.26-00.14.03] RCON Command Used [Get Player List] : 
[2026.03.26-00.14.10:512][373]LogSockets: Warning: Failed to read address for socket (SE_ENOTCONN) with error -1
[2026.03.26-00.14.10:512][373]LogSockets: Warning: Failed to read address for socket (SE_ENOTCONN) with error -1
[2026.03.26-00.14.11:914][415]LogSockets: Warning: Failed to read address for socket (SE_ENOTCONN) with error -1
[2026.03.26-00.14.11:914][415]LogSockets: Warning: Failed to read address for socket (SE_ENOTCONN) with error -1
[2026.03.26-00.14.12:983][447]LogTheIsleCommandData: [2026.03.26-00.14.12] RCON Command Used [Get Player List] : 
[2026.03.26-00.14.20:096][660]LogSockets: Warning: Failed to read address for socket (SE_ENOTCONN) with error -1
[2026.03.26-00.14.20:096][660]LogSockets: Warning: Failed to read address for socket (SE_ENOTCONN) with error -1
[2026.03.26-00.14.21:465][701]LogSockets: Warning: Failed to read address for socket (SE_ENOTCONN) with error -1
[2026.03.26-00.14.21:465][701]LogSockets: Warning: Failed to read address for socket (SE_ENOTCONN) with error -1
[2026.03.26-00.14.22:534][733]LogTheIsleCommandData: [2026.03.26-00.14.22] RCON Command Used [Get Player List] : 
[2026.03.26-00.14.29:746][949]LogSockets: Warning: Failed to read address for socket (SE_ENOTCONN) with error -1
[2026.03.26-00.14.29:746][949]LogSockets: Warning: Failed to read address for socket (SE_ENOTCONN) with error -1
[2026.03.26-00.14.31:082][989]LogSockets: Warning: Failed to read address for socket (SE_ENOTCONN) with error -1
[2026.03.26-00.14.31:082][989]LogSockets: Warning: Failed to read address for socket (SE_ENOTCONN) with error -1
[2026.03.26-00.14.32:150][ 21]LogTheIsleCommandData: [2026.03.26-00.14.32] RCON Command Used [Get Player List] : 
[2026.03.26-00.14.39:463][240]LogSockets: Warning: Failed to read address for socket (SE_ENOTCONN) with error -1
[2026.03.26-00.14.39:463][240]LogSockets: Warning: Failed to read address for socket (SE_ENOTCONN) with error -1
[2026.03.26-00.14.40:832][281]LogSockets: Warning: Failed to read address for socket (SE_ENOTCONN) with error -1
[2026.03.26-00.14.40:832][281]LogSockets: Warning: Failed to read address for socket (SE_ENOTCONN) with error -1
[2026.03.26-00.14.41:900][313]LogTheIsleCommandData: [2026.03.26-00.14.41] RCON Command Used [Get Player List] : 
[2026.03.26-00.14.49:112][529]LogSockets: Warning: Failed to read address for socket (SE_ENOTCONN) with error -1
[2026.03.26-00.14.49:112][529]LogSockets: Warning: Failed to read address for socket (SE_ENOTCONN) with error -1
[2026.03.26-00.14.50:449][569]LogSockets: Warning: Failed to read address for socket (SE_ENOTCONN) with error -1
[2026.03.26-00.14.50:449][569]LogSockets: Warning: Failed to read address for socket (SE_ENOTCONN) with error -1
[2026.03.26-00.14.51:517][601]LogTheIsleCommandData: [2026.03.26-00.14.51] RCON Command Used [Get Player List] : 
[2026.03.26-00.14.58:735][817]LogSockets: Warning: Failed to read address for socket (SE_ENOTCONN) with error -1
[2026.03.26-00.14.58:735][817]LogSockets: Warning: Failed to read address for socket (SE_ENOTCONN) with error -1
[2026.03.26-00.15.00:098][858]LogSockets: Warning: Failed to read address for socket (SE_ENOTCONN) with error -1
[2026.03.26-00.15.00:098][858]LogSockets: Warning: Failed to read address for socket (SE_ENOTCONN) with error -1
[2026.03.26-00.15.01:167][890]LogTheIsleCommandData: [2026.03.26-00.15.01] RCON Command Used [Get Player List] : 
[2026.03.26-00.15.08:379][106]LogSockets: Warning: Failed to read address for socket (SE_ENOTCONN) with error -1
[2026.03.26-00.15.08:379][106]LogSockets: Warning: Failed to read address for socket (SE_ENOTCONN) with error -1
[2026.03.26-00.15.09:782][148]LogSockets: Warning: Failed to read address for socket (SE_ENOTCONN) with error -1
[2026.03.26-00.15.09:782][148]LogSockets: Warning: Failed to read address for socket (SE_ENOTCONN) with error -1
[2026.03.26-00.15.10:850][180]LogTheIsleCommandData: [2026.03.26-00.15.10] RCON Command Used [Get Player List] : 
[2026.03.26-00.15.18:063][396]LogSockets: Warning: Failed to read address for socket (SE_ENOTCONN) with error -1
[2026.03.26-00.15.18:063][396]LogSockets: Warning: Failed to read address for socket (SE_ENOTCONN) with error -1
[2026.03.26-00.15.19:432][437]LogSockets: Warning: Failed to read address for socket (SE_ENOTCONN) with error -1
[2026.03.26-00.15.19:432][437]LogSockets: Warning: Failed to read address for socket (SE_ENOTCONN) with error -1
[2026.03.26-00.15.20:500][469]LogTheIsleCommandData: [2026.03.26-00.15.20] RCON Command Used [Get Player List] : 
[2026.03.26-00.15.27:714][685]LogSockets: Warning: Failed to read address for socket (SE_ENOTCONN) with error -1
[2026.03.26-00.15.27:714][685]LogSockets: Warning: Failed to read address for socket (SE_ENOTCONN) with error -1
[2026.03.26-00.15.29:082][726]LogSockets: Warning: Failed to read address for socket (SE_ENOTCONN) with error -1
[2026.03.26-00.15.29:082][726]LogSockets: Warning: Failed to read address for socket (SE_ENOTCONN) with error -1
[2026.03.26-00.15.30:151][758]LogTheIsleCommandData: [2026.03.26-00.15.30] RCON Command Used [Get Player List] : 
[2026.03.26-00.15.37:363][974]LogSockets: Warning: Failed to read address for socket (SE_ENOTCONN) with error -1
[2026.03.26-00.15.37:363][974]LogSockets: Warning: Failed to read address for socket (SE_ENOTCONN) with error -1
[2026.03.26-00.15.38:732][ 15]LogTheIsleCommandData: [2026.03.26-00.15.38] RCON Command Used [Get Player List] : 
[2026.03.26-00.15.46:311][242]LogSockets: Warning: Failed to read address for socket (SE_ENOTCONN) with error -1
[2026.03.26-00.15.46:311][242]LogSockets: Warning: Failed to read address for socket (SE_ENOTCONN) with error -1
[2026.03.26-00.15.47:380][274]LogTheIsleCommandData: [2026.03.26-00.15.47] RCON Command Used [Get Player List] : 
[2026.03.26-00.15.54:593][490]LogSockets: Warning: Failed to read address for socket (SE_ENOTCONN) with error -1
[2026.03.26-00.15.54:593][490]LogSockets: Warning: Failed to read address for socket (SE_ENOTCONN) with error -1
[2026.03.26-00.15.55:928][530]LogSockets: Warning: Failed to read address for socket (SE_ENOTCONN) with error -1
[2026.03.26-00.15.55:928][530]LogSockets: Warning: Failed to read address for socket (SE_ENOTCONN) with error -1
[2026.03.26-00.15.56:997][562]LogTheIsleCommandData: [2026.03.26-00.15.56] RCON Command Used [Get Player List] : 
[2026.03.26-00.16.04:210][778]LogSockets: Warning: Failed to read address for socket (SE_ENOTCONN) with error -1
[2026.03.26-00.16.04:210][778]LogSockets: Warning: Failed to read address for socket (SE_ENOTCONN) with error -1
[2026.03.26-00.16.05:579][819]LogSockets: Warning: Failed to read address for socket (SE_ENOTCONN) with error -1
[2026.03.26-00.16.05:579][819]LogSockets: Warning: Failed to read address for socket (SE_ENOTCONN) with error -1
[2026.03.26-00.16.06:647][851]LogTheIsleCommandData: [2026.03.26-00.16.06] RCON Command Used [Get Player List] : 
[2026.03.26-00.16.13:859][ 67]LogSockets: Warning: Failed to read address for socket (SE_ENOTCONN) with error -1
[2026.03.26-00.16.13:859][ 67]LogSockets: Warning: Failed to read address for socket (SE_ENOTCONN) with error -1
[2026.03.26-00.16.15:329][111]LogTheIsleCommandData: [2026.03.26-00.16.15] RCON Command Used [Get Player List] : 
[2026.03.26-00.16.22:541][327]LogSockets: Warning: Failed to read address for socket (SE_ENOTCONN) with error -1
[2026.03.26-00.16.22:541][327]LogSockets: Warning: Failed to read address for socket (SE_ENOTCONN) with error -1
[2026.03.26-00.16.23:910][368]LogSockets: Warning: Failed to read address for socket (SE_ENOTCONN) with error -1
[2026.03.26-00.16.23:910][368]LogSockets: Warning: Failed to read address for socket (SE_ENOTCONN) with error -1
[2026.03.26-00.16.24:979][400]LogTheIsleCommandData: [2026.03.26-00.16.24] RCON Command Used [Get Player List] : 
[2026.03.26-00.16.32:190][616]LogSockets: Warning: Failed to read address for socket (SE_ENOTCONN) with error -1
[2026.03.26-00.16.32:190][616]LogSockets: Warning: Failed to read address for socket (SE_ENOTCONN) with error -1
[2026.03.26-00.16.33:593][658]LogSockets: Warning: Failed to read address for socket (SE_ENOTCONN) with error -1
[2026.03.26-00.16.33:593][658]LogSockets: Warning: Failed to read address for socket (SE_ENOTCONN) with error -1
[2026.03.26-00.16.34:662][690]LogTheIsleCommandData: [2026.03.26-00.16.34] RCON Command Used [Get Player List] : 
[2026.03.26-00.16.41:975][909]LogSockets: Warning: Failed to read address for socket (SE_ENOTCONN) with error -1
[2026.03.26-00.16.41:975][909]LogSockets: Warning: Failed to read address for socket (SE_ENOTCONN) with error -1
[2026.03.26-00.16.43:310][949]LogSockets: Warning: Failed to read address for socket (SE_ENOTCONN) with error -1
[2026.03.26-00.16.43:310][949]LogSockets: Warning: Failed to read address for socket (SE_ENOTCONN) with error -1
[2026.03.26-00.16.44:379][981]LogTheIsleCommandData: [2026.03.26-00.16.44] RCON Command Used [Get Player List] : 
[2026.03.26-00.16.51:591][197]LogSockets: Warning: Failed to read address for socket (SE_ENOTCONN) with error -1
[2026.03.26-00.16.51:591][197]LogSockets: Warning: Failed to read address for socket (SE_ENOTCONN) with error -1
[2026.03.26-00.16.52:960][238]LogSockets: Warning: Failed to read address for socket (SE_ENOTCONN) with error -1
[2026.03.26-00.16.52:960][238]LogSockets: Warning: Failed to read address for socket (SE_ENOTCONN) with error -1
[2026.03.26-00.16.54:030][270]LogTheIsleCommandData: [2026.03.26-00.16.54] RCON Command Used [Get Player List] : 
[2026.03.26-00.17.01:240][486]LogSockets: Warning: Failed to read address for socket (SE_ENOTCONN) with error -1
[2026.03.26-00.17.01:240][486]LogSockets: Warning: Failed to read address for socket (SE_ENOTCONN) with error -1
[2026.03.26-00.17.02:610][527]LogSockets: Warning: Failed to read address for socket (SE_ENOTCONN) with error -1
[2026.03.26-00.17.02:610][527]LogSockets: Warning: Failed to read address for socket (SE_ENOTCONN) with error -1
[2026.03.26-00.17.03:678][559]LogTheIsleCommandData: [2026.03.26-00.17.03] RCON Command Used [Get Player List] : 
[2026.03.26-00.17.10:991][778]LogSockets: Warning: Failed to read address for socket (SE_ENOTCONN) with error -1
[2026.03.26-00.17.10:991][778]LogSockets: Warning: Failed to read address for socket (SE_ENOTCONN) with error -1
[2026.03.26-00.17.12:360][819]LogSockets: Warning: Failed to read address for socket (SE_ENOTCONN) with error -1
[2026.03.26-00.17.12:360][819]LogSockets: Warning: Failed to read address for socket (SE_ENOTCONN) with error -1
[2026.03.26-00.17.13:428][851]LogTheIsleCommandData: [2026.03.26-00.17.13] RCON Command Used [Get Player List] : 
[2026.03.26-00.17.20:641][ 67]LogSockets: Warning: Failed to read address for socket (SE_ENOTCONN) with error -1
[2026.03.26-00.17.20:641][ 67]LogSockets: Warning: Failed to read address for socket (SE_ENOTCONN) with error -1
[2026.03.26-00.17.22:011][108]LogSockets: Warning: Failed to read address for socket (SE_ENOTCONN) with error -1
[2026.03.26-00.17.22:011][108]LogSockets: Warning: Failed to read address for socket (SE_ENOTCONN) with error -1
[2026.03.26-00.17.23:079][140]LogTheIsleCommandData: [2026.03.26-00.17.23] RCON Command Used [Get Player List] : 
[2026.03.26-00.17.30:090][350]LogSockets: Warning: Failed to read address for socket (SE_ENOTCONN) with error -1
[2026.03.26-00.17.30:090][350]LogSockets: Warning: Failed to read address for socket (SE_ENOTCONN) with error -1
[2026.03.26-00.17.31:493][392]LogSockets: Warning: Failed to read address for socket (SE_ENOTCONN) with error -1
[2026.03.26-00.17.31:493][392]LogSockets: Warning: Failed to read address for socket (SE_ENOTCONN) with error -1
[2026.03.26-00.17.32:562][424]LogTheIsleCommandData: [2026.03.26-00.17.32] RCON Command Used [Get Player List] : 
[2026.03.26-00.17.39:774][640]LogSockets: Warning: Failed to read address for socket (SE_ENOTCONN) with error -1
[2026.03.26-00.17.39:774][640]LogSockets: Warning: Failed to read address for socket (SE_ENOTCONN) with error -1
[2026.03.26-00.17.41:176][682]LogSockets: Warning: Failed to read address for socket (SE_ENOTCONN) with error -1
[2026.03.26-00.17.41:176][682]LogSockets: Warning: Failed to read address for socket (SE_ENOTCONN) with error -1
[2026.03.26-00.17.42:212][713]LogTheIsleCommandData: [2026.03.26-00.17.42] RCON Command Used [Get Player List] : 
[2026.03.26-00.17.49:424][929]LogSockets: Warning: Failed to read address for socket (SE_ENOTCONN) with error -1
[2026.03.26-00.17.49:424][929]LogSockets: Warning: Failed to read address for socket (SE_ENOTCONN) with error -1
[2026.03.26-00.17.50:793][970]LogSockets: Warning: Failed to read address for socket (SE_ENOTCONN) with error -1
[2026.03.26-00.17.50:793][970]LogSockets: Warning: Failed to read address for socket (SE_ENOTCONN) with error -1
[2026.03.26-00.17.51:862][  2]LogTheIsleCommandData: [2026.03.26-00.17.51] RCON Command Used [Get Player List] : 
[2026.03.26-00.17.59:074][218]LogSockets: Warning: Failed to read address for socket (SE_ENOTCONN) with error -1
[2026.03.26-00.17.59:074][218]LogSockets: Warning: Failed to read address for socket (SE_ENOTCONN) with error -1
[2026.03.26-00.18.00:476][260]LogSockets: Warning: Failed to read address for socket (SE_ENOTCONN) with error -1
[2026.03.26-00.18.00:476][260]LogSockets: Warning: Failed to read address for socket (SE_ENOTCONN) with error -1
[2026.03.26-00.18.01:545][292]LogTheIsleCommandData: [2026.03.26-00.18.01] RCON Command Used [Get Player List] : 
[2026.03.26-00.18.08:757][508]LogSockets: Warning: Failed to read address for socket (SE_ENOTCONN) with error -1
[2026.03.26-00.18.08:757][508]LogSockets: Warning: Failed to read address for socket (SE_ENOTCONN) with error -1
[2026.03.26-00.18.10:159][550]LogSockets: Warning: Failed to read address for socket (SE_ENOTCONN) with error -1
[2026.03.26-00.18.10:159][550]LogSockets: Warning: Failed to read address for socket (SE_ENOTCONN) with error -1
[2026.03.26-00.18.11:228][582]LogTheIsleCommandData: [2026.03.26-00.18.11] RCON Command Used [Get Player List] : 
[2026.03.26-00.18.18:540][801]LogSockets: Warning: Failed to read address for socket (SE_ENOTCONN) with error -1
[2026.03.26-00.18.18:540][801]LogSockets: Warning: Failed to read address for socket (SE_ENOTCONN) with error -1
[2026.03.26-00.18.19:842][840]LogSockets: Warning: Failed to read address for socket (SE_ENOTCONN) with error -1
[2026.03.26-00.18.19:842][840]LogSockets: Warning: Failed to read address for socket (SE_ENOTCONN) with error -1
[2026.03.26-00.18.20:912][872]LogTheIsleCommandData: [2026.03.26-00.18.20] RCON Command Used [Get Player List] : 
[2026.03.26-00.18.28:224][ 91]LogSockets: Warning: Failed to read address for socket (SE_ENOTCONN) with error -1
[2026.03.26-00.18.28:224][ 91]LogSockets: Warning: Failed to read address for socket (SE_ENOTCONN) with error -1
[2026.03.26-00.18.29:560][131]LogSockets: Warning: Failed to read address for socket (SE_ENOTCONN) with error -1
[2026.03.26-00.18.29:560][131]LogSockets: Warning: Failed to read address for socket (SE_ENOTCONN) with error -1
[2026.03.26-00.18.30:628][163]LogTheIsleCommandData: [2026.03.26-00.18.30] RCON Command Used [Get Player List] : 
[2026.03.26-00.18.37:840][379]LogSockets: Warning: Failed to read address for socket (SE_ENOTCONN) with error -1
[2026.03.26-00.18.37:840][379]LogSockets: Warning: Failed to read address for socket (SE_ENOTCONN) with error -1
[2026.03.26-00.18.39:242][421]LogSockets: Warning: Failed to read address for socket (SE_ENOTCONN) with error -1
[2026.03.26-00.18.39:242][421]LogSockets: Warning: Failed to read address for socket (SE_ENOTCONN) with error -1
[2026.03.26-00.18.40:311][453]LogTheIsleCommandData: [2026.03.26-00.18.40] RCON Command Used [Get Player List] : 
[2026.03.26-00.18.47:624][672]LogSockets: Warning: Failed to read address for socket (SE_ENOTCONN) with error -1
[2026.03.26-00.18.47:624][672]LogSockets: Warning: Failed to read address for socket (SE_ENOTCONN) with error -1
[2026.03.26-00.18.48:993][713]LogSockets: Warning: Failed to read address for socket (SE_ENOTCONN) with error -1
[2026.03.26-00.18.48:993][713]LogSockets: Warning: Failed to read address for socket (SE_ENOTCONN) with error -1
[2026.03.26-00.18.50:062][745]LogTheIsleCommandData: [2026.03.26-00.18.50] RCON Command Used [Get Player List] : 
[2026.03.26-00.18.57:374][964]LogSockets: Warning: Failed to read address for socket (SE_ENOTCONN) with error -1
[2026.03.26-00.18.57:374][964]LogSockets: Warning: Failed to read address for socket (SE_ENOTCONN) with error -1
[2026.03.26-00.18.58:743][  5]LogSockets: Warning: Failed to read address for socket (SE_ENOTCONN) with error -1
[2026.03.26-00.18.58:743][  5]LogSockets: Warning: Failed to read address for socket (SE_ENOTCONN) with error -1
[2026.03.26-00.18.59:811][ 37]LogTheIsleCommandData: [2026.03.26-00.18.59] RCON Command Used [Get Player List] : 
[2026.03.26-00.19.07:123][256]LogSockets: Warning: Failed to read address for socket (SE_ENOTCONN) with error -1
[2026.03.26-00.19.07:123][256]LogSockets: Warning: Failed to read address for socket (SE_ENOTCONN) with error -1
[2026.03.26-00.19.08:460][296]LogSockets: Warning: Failed to read address for socket (SE_ENOTCONN) with error -1
[2026.03.26-00.19.08:460][296]LogSockets: Warning: Failed to read address for socket (SE_ENOTCONN) with error -1
[2026.03.26-00.19.09:528][328]LogTheIsleCommandData: [2026.03.26-00.19.09] RCON Command Used [Get Player List] : 
[2026.03.26-00.19.16:840][547]LogSockets: Warning: Failed to read address for socket (SE_ENOTCONN) with error -1
[2026.03.26-00.19.16:840][547]LogSockets: Warning: Failed to read address for socket (SE_ENOTCONN) with error -1
[2026.03.26-00.19.18:176][587]LogSockets: Warning: Failed to read address for socket (SE_ENOTCONN) with error -1
[2026.03.26-00.19.18:176][587]LogSockets: Warning: Failed to read address for socket (SE_ENOTCONN) with error -1
[2026.03.26-00.19.19:244][619]LogTheIsleCommandData: [2026.03.26-00.19.19] RCON Command Used [Get Player List] : 
[2026.03.26-00.19.26:457][835]LogSockets: Warning: Failed to read address for socket (SE_ENOTCONN) with error -1
[2026.03.26-00.19.26:457][835]LogSockets: Warning: Failed to read address for socket (SE_ENOTCONN) with error -1
[2026.03.26-00.19.27:859][877]LogSockets: Warning: Failed to read address for socket (SE_ENOTCONN) with error -1
[2026.03.26-00.19.27:859][877]LogSockets: Warning: Failed to read address for socket (SE_ENOTCONN) with error -1
[2026.03.26-00.19.28:928][909]LogTheIsleCommandData: [2026.03.26-00.19.28] RCON Command Used [Get Player List] : 
[2026.03.26-00.19.35:840][116]LogSockets: Warning: Failed to read address for socket (SE_ENOTCONN) with error -1
[2026.03.26-00.19.35:840][116]LogSockets: Warning: Failed to read address for socket (SE_ENOTCONN) with error -1
[2026.03.26-00.19.37:175][156]LogSockets: Warning: Failed to read address for socket (SE_ENOTCONN) with error -1
[2026.03.26-00.19.37:175][156]LogSockets: Warning: Failed to read address for socket (SE_ENOTCONN) with error -1
[2026.03.26-00.19.38:244][188]LogTheIsleCommandData: [2026.03.26-00.19.38] RCON Command Used [Get Player List] : 
[2026.03.26-00.19.44:755][383]LogSockets: Warning: Failed to read address for socket (SE_ENOTCONN) with error -1
[2026.03.26-00.19.44:755][383]LogSockets: Warning: Failed to read address for socket (SE_ENOTCONN) with error -1
[2026.03.26-00.19.45:457][404]LogSockets: Warning: Failed to read address for socket (SE_ENOTCONN) with error -1
[2026.03.26-00.19.45:457][404]LogSockets: Warning: Failed to read address for socket (SE_ENOTCONN) with error -1
[2026.03.26-00.19.46:125][424]LogSockets: Warning: Failed to read address for socket (SE_ENOTCONN) with error -1
[2026.03.26-00.19.46:125][424]LogSockets: Warning: Failed to read address for socket (SE_ENOTCONN) with error -1
[2026.03.26-00.19.46:959][449]LogTheIsleCommandData: [2026.03.26-00.19.46] RCON Command Used [Get Player List] : 
[2026.03.26-00.19.47:193][456]LogTheIsleCommandData: [2026.03.26-00.19.47] RCON Command Used [Get Player List] : 
[2026.03.26-00.19.54:204][666]LogSockets: Warning: Failed to read address for socket (SE_ENOTCONN) with error -1
[2026.03.26-00.19.54:204][666]LogSockets: Warning: Failed to read address for socket (SE_ENOTCONN) with error -1
[2026.03.26-00.19.55:641][709]LogSockets: Warning: Failed to read address for socket (SE_ENOTCONN) with error -1
[2026.03.26-00.19.55:641][709]LogSockets: Warning: Failed to read address for socket (SE_ENOTCONN) with error -1
[2026.03.26-00.19.56:676][740]LogTheIsleCommandData: [2026.03.26-00.19.56] RCON Command Used [Get Player List] : 
[2026.03.26-00.20.03:889][956]LogSockets: Warning: Failed to read address for socket (SE_ENOTCONN) with error -1
[2026.03.26-00.20.03:889][956]LogSockets: Warning: Failed to read address for socket (SE_ENOTCONN) with error -1
[2026.03.26-00.20.05:258][997]LogSockets: Warning: Failed to read address for socket (SE_ENOTCONN) with error -1
[2026.03.26-00.20.05:258][997]LogSockets: Warning: Failed to read address for socket (SE_ENOTCONN) with error -1
[2026.03.26-00.20.06:326][ 29]LogTheIsleCommandData: [2026.03.26-00.20.06] RCON Command Used [Get Player List] : 
[2026.03.26-00.20.13:538][245]LogSockets: Warning: Failed to read address for socket (SE_ENOTCONN) with error -1
[2026.03.26-00.20.13:538][245]LogSockets: Warning: Failed to read address for socket (SE_ENOTCONN) with error -1
[2026.03.26-00.20.14:874][285]LogSockets: Warning: Failed to read address for socket (SE_ENOTCONN) with error -1
[2026.03.26-00.20.14:874][285]LogSockets: Warning: Failed to read address for socket (SE_ENOTCONN) with error -1
[2026.03.26-00.20.15:943][317]LogTheIsleCommandData: [2026.03.26-00.20.15] RCON Command Used [Get Player List] : 
[2026.03.26-00.20.23:255][536]LogSockets: Warning: Failed to read address for socket (SE_ENOTCONN) with error -1
[2026.03.26-00.20.23:255][536]LogSockets: Warning: Failed to read address for socket (SE_ENOTCONN) with error -1
[2026.03.26-00.20.24:624][577]LogSockets: Warning: Failed to read address for socket (SE_ENOTCONN) with error -1
[2026.03.26-00.20.24:624][577]LogSockets: Warning: Failed to read address for socket (SE_ENOTCONN) with error -1
[2026.03.26-00.20.25:693][609]LogTheIsleCommandData: [2026.03.26-00.20.25] RCON Command Used [Get Player List] : 
[2026.03.26-00.20.32:805][822]LogSockets: Warning: Failed to read address for socket (SE_ENOTCONN) with error -1
[2026.03.26-00.20.32:805][822]LogSockets: Warning: Failed to read address for socket (SE_ENOTCONN) with error -1
[2026.03.26-00.20.34:208][864]LogSockets: Warning: Failed to read address for socket (SE_ENOTCONN) with error -1
[2026.03.26-00.20.34:208][864]LogSockets: Warning: Failed to read address for socket (SE_ENOTCONN) with error -1
[2026.03.26-00.20.35:277][896]LogTheIsleCommandData: [2026.03.26-00.20.35] RCON Command Used [Get Player List] : 
[2026.03.26-00.20.42:388][109]LogSockets: Warning: Failed to read address for socket (SE_ENOTCONN) with error -1
[2026.03.26-00.20.42:388][109]LogSockets: Warning: Failed to read address for socket (SE_ENOTCONN) with error -1
[2026.03.26-00.20.43:758][150]LogSockets: Warning: Failed to read address for socket (SE_ENOTCONN) with error -1
[2026.03.26-00.20.43:758][150]LogSockets: Warning: Failed to read address for socket (SE_ENOTCONN) with error -1
[2026.03.26-00.20.44:827][182]LogTheIsleCommandData: [2026.03.26-00.20.44] RCON Command Used [Get Player List] : 
[2026.03.26-00.20.52:039][398]LogSockets: Warning: Failed to read address for socket (SE_ENOTCONN) with error -1
[2026.03.26-00.20.52:039][398]LogSockets: Warning: Failed to read address for socket (SE_ENOTCONN) with error -1
[2026.03.26-00.20.53:441][440]LogSockets: Warning: Failed to read address for socket (SE_ENOTCONN) with error -1
[2026.03.26-00.20.53:441][440]LogSockets: Warning: Failed to read address for socket (SE_ENOTCONN) with error -1
[2026.03.26-00.20.54:510][472]LogTheIsleCommandData: [2026.03.26-00.20.54] RCON Command Used [Get Player List] : 
[2026.03.26-00.21.01:722][688]LogSockets: Warning: Failed to read address for socket (SE_ENOTCONN) with error -1
[2026.03.26-00.21.01:722][688]LogSockets: Warning: Failed to read address for socket (SE_ENOTCONN) with error -1
[2026.03.26-00.21.03:058][728]LogSockets: Warning: Failed to read address for socket (SE_ENOTCONN) with error -1
[2026.03.26-00.21.03:058][728]LogSockets: Warning: Failed to read address for socket (SE_ENOTCONN) with error -1
[2026.03.26-00.21.04:127][760]LogTheIsleCommandData: [2026.03.26-00.21.04] RCON Command Used [Get Player List] : 
[2026.03.26-00.21.11:338][976]LogSockets: Warning: Failed to read address for socket (SE_ENOTCONN) with error -1
[2026.03.26-00.21.11:338][976]LogSockets: Warning: Failed to read address for socket (SE_ENOTCONN) with error -1
[2026.03.26-00.21.12:641][ 15]LogSockets: Warning: Failed to read address for socket (SE_ENOTCONN) with error -1
[2026.03.26-00.21.12:641][ 15]LogSockets: Warning: Failed to read address for socket (SE_ENOTCONN) with error -1
[2026.03.26-00.21.12:973][ 25]LogAbilitySystem: Display: InternalServerTryActivateAbility: Rejecting ClientActivation of Default__GA_OpenCorpse_C with PredictionKey [4865/0]. InternalTryActivateAbility failed: 
[2026.03.26-00.21.13:709][ 47]LogTheIsleCommandData: [2026.03.26-00.21.13] RCON Command Used [Get Player List] : 
[2026.03.26-00.21.14:075][ 58]LogAbilitySystem: Display: InternalServerTryActivateAbility: Rejecting ClientActivation of Default__GA_OpenCorpse_C with PredictionKey [4866/0]. InternalTryActivateAbility failed: 
[2026.03.26-00.21.20:821][260]LogSockets: Warning: Failed to read address for socket (SE_ENOTCONN) with error -1
[2026.03.26-00.21.20:821][260]LogSockets: Warning: Failed to read address for socket (SE_ENOTCONN) with error -1
[2026.03.26-00.21.22:190][301]LogSockets: Warning: Failed to read address for socket (SE_ENOTCONN) with error -1
[2026.03.26-00.21.22:190][301]LogSockets: Warning: Failed to read address for socket (SE_ENOTCONN) with error -1
[2026.03.26-00.21.23:259][333]LogTheIsleCommandData: [2026.03.26-00.21.23] RCON Command Used [Get Player List] : 
[2026.03.26-00.21.30:571][552]LogSockets: Warning: Failed to read address for socket (SE_ENOTCONN) with error -1
[2026.03.26-00.21.30:571][552]LogSockets: Warning: Failed to read address for socket (SE_ENOTCONN) with error -1
[2026.03.26-00.21.31:974][594]LogSockets: Warning: Failed to read address for socket (SE_ENOTCONN) with error -1
[2026.03.26-00.21.31:974][594]LogSockets: Warning: Failed to read address for socket (SE_ENOTCONN) with error -1
[2026.03.26-00.21.33:042][626]LogTheIsleCommandData: [2026.03.26-00.21.33] RCON Command Used [Get Player List] : 
[2026.03.26-00.21.40:255][842]LogSockets: Warning: Failed to read address for socket (SE_ENOTCONN) with error -1
[2026.03.26-00.21.40:255][842]LogSockets: Warning: Failed to read address for socket (SE_ENOTCONN) with error -1
[2026.03.26-00.21.41:624][883]LogSockets: Warning: Failed to read address for socket (SE_ENOTCONN) with error -1
[2026.03.26-00.21.41:624][883]LogSockets: Warning: Failed to read address for socket (SE_ENOTCONN) with error -1
[2026.03.26-00.21.42:692][915]LogTheIsleCommandData: [2026.03.26-00.21.42] RCON Command Used [Get Player List] : 
[2026.03.26-00.21.49:904][131]LogSockets: Warning: Failed to read address for socket (SE_ENOTCONN) with error -1
[2026.03.26-00.21.49:904][131]LogSockets: Warning: Failed to read address for socket (SE_ENOTCONN) with error -1
[2026.03.26-00.21.51:307][173]LogSockets: Warning: Failed to read address for socket (SE_ENOTCONN) with error -1
[2026.03.26-00.21.51:307][173]LogSockets: Warning: Failed to read address for socket (SE_ENOTCONN) with error -1
[2026.03.26-00.21.52:376][205]LogTheIsleCommandData: [2026.03.26-00.21.52] RCON Command Used [Get Player List] : 
[2026.03.26-00.21.59:955][432]LogSockets: Warning: Failed to read address for socket (SE_ENOTCONN) with error -1
[2026.03.26-00.21.59:955][432]LogSockets: Warning: Failed to read address for socket (SE_ENOTCONN) with error -1
[2026.03.26-00.22.00:990][463]LogTheIsleCommandData: [2026.03.26-00.22.00] RCON Command Used [Get Player List] : 
[2026.03.26-00.22.08:203][679]LogSockets: Warning: Failed to read address for socket (SE_ENOTCONN) with error -1
[2026.03.26-00.22.08:203][679]LogSockets: Warning: Failed to read address for socket (SE_ENOTCONN) with error -1
[2026.03.26-00.22.09:572][720]LogSockets: Warning: Failed to read address for socket (SE_ENOTCONN) with error -1
[2026.03.26-00.22.09:572][720]LogSockets: Warning: Failed to read address for socket (SE_ENOTCONN) with error -1
[2026.03.26-00.22.10:640][752]LogTheIsleCommandData: [2026.03.26-00.22.10] RCON Command Used [Get Player List] : 
[2026.03.26-00.22.17:853][968]LogSockets: Warning: Failed to read address for socket (SE_ENOTCONN) with error -1
[2026.03.26-00.22.17:853][968]LogSockets: Warning: Failed to read address for socket (SE_ENOTCONN) with error -1
[2026.03.26-00.22.19:222][  9]LogSockets: Warning: Failed to read address for socket (SE_ENOTCONN) with error -1
[2026.03.26-00.22.19:222][  9]LogSockets: Warning: Failed to read address for socket (SE_ENOTCONN) with error -1
[2026.03.26-00.22.20:291][ 41]LogTheIsleCommandData: [2026.03.26-00.22.20] RCON Command Used [Get Player List] : 
[2026.03.26-00.22.27:503][257]LogSockets: Warning: Failed to read address for socket (SE_ENOTCONN) with error -1
[2026.03.26-00.22.27:503][257]LogSockets: Warning: Failed to read address for socket (SE_ENOTCONN) with error -1
[2026.03.26-00.22.28:872][298]LogSockets: Warning: Failed to read address for socket (SE_ENOTCONN) with error -1
[2026.03.26-00.22.28:872][298]LogSockets: Warning: Failed to read address for socket (SE_ENOTCONN) with error -1
[2026.03.26-00.22.29:940][330]LogTheIsleCommandData: [2026.03.26-00.22.29] RCON Command Used [Get Player List] : 
[2026.03.26-00.22.37:153][546]LogSockets: Warning: Failed to read address for socket (SE_ENOTCONN) with error -1
[2026.03.26-00.22.37:153][546]LogSockets: Warning: Failed to read address for socket (SE_ENOTCONN) with error -1
[2026.03.26-00.22.38:522][587]LogSockets: Warning: Failed to read address for socket (SE_ENOTCONN) with error -1
[2026.03.26-00.22.38:522][587]LogSockets: Warning: Failed to read address for socket (SE_ENOTCONN) with error -1
[2026.03.26-00.22.39:591][619]LogTheIsleCommandData: [2026.03.26-00.22.39] RCON Command Used [Get Player List] : 
[2026.03.26-00.22.46:803][835]LogSockets: Warning: Failed to read address for socket (SE_ENOTCONN) with error -1
[2026.03.26-00.22.46:803][835]LogSockets: Warning: Failed to read address for socket (SE_ENOTCONN) with error -1
[2026.03.26-00.22.48:206][877]LogSockets: Warning: Failed to read address for socket (SE_ENOTCONN) with error -1
[2026.03.26-00.22.48:206][877]LogSockets: Warning: Failed to read address for socket (SE_ENOTCONN) with error -1
[2026.03.26-00.22.49:275][909]LogTheIsleCommandData: [2026.03.26-00.22.49] RCON Command Used [Get Player List] : 
[2026.03.26-00.22.56:487][125]LogSockets: Warning: Failed to read address for socket (SE_ENOTCONN) with error -1
[2026.03.26-00.22.56:487][125]LogSockets: Warning: Failed to read address for socket (SE_ENOTCONN) with error -1
[2026.03.26-00.22.57:890][167]LogSockets: Warning: Failed to read address for socket (SE_ENOTCONN) with error -1
[2026.03.26-00.22.57:890][167]LogSockets: Warning: Failed to read address for socket (SE_ENOTCONN) with error -1
[2026.03.26-00.22.58:959][199]LogTheIsleCommandData: [2026.03.26-00.22.58] RCON Command Used [Get Player List] : 
[2026.03.26-00.23.06:504][425]LogTheIsleCommandData: [2026.03.26-00.23.06] RCON Command Used [Get Player List] : 
[2026.03.26-00.23.13:717][641]LogSockets: Warning: Failed to read address for socket (SE_ENOTCONN) with error -1
[2026.03.26-00.23.13:717][641]LogSockets: Warning: Failed to read address for socket (SE_ENOTCONN) with error -1
[2026.03.26-00.23.15:119][683]LogSockets: Warning: Failed to read address for socket (SE_ENOTCONN) with error -1
[2026.03.26-00.23.15:119][683]LogSockets: Warning: Failed to read address for socket (SE_ENOTCONN) with error -1
[2026.03.26-00.23.16:188][715]LogTheIsleCommandData: [2026.03.26-00.23.16] RCON Command Used [Get Player List] : 
[2026.03.26-00.23.23:868][945]LogTheIsleCommandData: [2026.03.26-00.23.23] RCON Command Used [Get Player List] : 
[2026.03.26-00.23.31:481][173]LogTheIsleCommandData: [2026.03.26-00.23.31] RCON Command Used [Get Player List] : 
[2026.03.26-00.23.38:794][392]LogSockets: Warning: Failed to read address for socket (SE_ENOTCONN) with error -1
[2026.03.26-00.23.38:794][392]LogSockets: Warning: Failed to read address for socket (SE_ENOTCONN) with error -1
[2026.03.26-00.23.40:197][434]LogTheIsleCommandData: [2026.03.26-00.23.40] RCON Command Used [Get Player List] : 
[2026.03.26-00.23.47:810][662]LogTheIsleCommandData: [2026.03.26-00.23.47] RCON Command Used [Get Player List] : 
[2026.03.26-00.23.55:022][878]LogSockets: Warning: Failed to read address for socket (SE_ENOTCONN) with error -1
[2026.03.26-00.23.55:022][878]LogSockets: Warning: Failed to read address for socket (SE_ENOTCONN) with error -1
[2026.03.26-00.23.56:425][920]LogSockets: Warning: Failed to read address for socket (SE_ENOTCONN) with error -1
[2026.03.26-00.23.56:425][920]LogSockets: Warning: Failed to read address for socket (SE_ENOTCONN) with error -1
[2026.03.26-00.23.57:460][951]LogTheIsleCommandData: [2026.03.26-00.23.57] RCON Command Used [Get Player List] : 
[2026.03.26-00.24.04:672][167]LogSockets: Warning: Failed to read address for socket (SE_ENOTCONN) with error -1
[2026.03.26-00.24.04:672][167]LogSockets: Warning: Failed to read address for socket (SE_ENOTCONN) with error -1
[2026.03.26-00.24.06:108][210]LogTheIsleCommandData: [2026.03.26-00.24.06] RCON Command Used [Get Player List] : 
[2026.03.26-00.24.13:321][426]LogSockets: Warning: Failed to read address for socket (SE_ENOTCONN) with error -1
[2026.03.26-00.24.13:321][426]LogSockets: Warning: Failed to read address for socket (SE_ENOTCONN) with error -1
[2026.03.26-00.24.14:690][467]LogSockets: Warning: Failed to read address for socket (SE_ENOTCONN) with error -1
[2026.03.26-00.24.14:690][467]LogSockets: Warning: Failed to read address for socket (SE_ENOTCONN) with error -1
[2026.03.26-00.24.15:760][499]LogTheIsleCommandData: [2026.03.26-00.24.15] RCON Command Used [Get Player List] : 
[2026.03.26-00.24.23:372][727]LogSockets: Warning: Failed to read address for socket (SE_ENOTCONN) with error -1
[2026.03.26-00.24.23:372][727]LogSockets: Warning: Failed to read address for socket (SE_ENOTCONN) with error -1
[2026.03.26-00.24.24:441][759]LogTheIsleCommandData: [2026.03.26-00.24.24] RCON Command Used [Get Player List] : 
[2026.03.26-00.24.31:653][975]LogSockets: Warning: Failed to read address for socket (SE_ENOTCONN) with error -1
[2026.03.26-00.24.31:653][975]LogSockets: Warning: Failed to read address for socket (SE_ENOTCONN) with error -1
[2026.03.26-00.24.33:023][ 16]LogSockets: Warning: Failed to read address for socket (SE_ENOTCONN) with error -1
[2026.03.26-00.24.33:023][ 16]LogSockets: Warning: Failed to read address for socket (SE_ENOTCONN) with error -1
[2026.03.26-00.24.34:091][ 48]LogTheIsleCommandData: [2026.03.26-00.24.34] RCON Command Used [Get Player List] : 
[2026.03.26-00.24.41:203][261]LogSockets: Warning: Failed to read address for socket (SE_ENOTCONN) with error -1
[2026.03.26-00.24.41:203][261]LogSockets: Warning: Failed to read address for socket (SE_ENOTCONN) with error -1
[2026.03.26-00.24.42:572][302]LogSockets: Warning: Failed to read address for socket (SE_ENOTCONN) with error -1
[2026.03.26-00.24.42:572][302]LogSockets: Warning: Failed to read address for socket (SE_ENOTCONN) with error -1
[2026.03.26-00.24.43:641][334]LogTheIsleCommandData: [2026.03.26-00.24.43] RCON Command Used [Get Player List] : 
[2026.03.26-00.24.51:355][565]LogTheIsleCommandData: [2026.03.26-00.24.51] RCON Command Used [Get Player List] : 
[2026.03.26-00.24.58:935][792]LogSockets: Warning: Failed to read address for socket (SE_ENOTCONN) with error -1
[2026.03.26-00.24.58:935][792]LogSockets: Warning: Failed to read address for socket (SE_ENOTCONN) with error -1
[2026.03.26-00.25.00:003][824]LogTheIsleCommandData: [2026.03.26-00.25.00] RCON Command Used [Get Player List] : 
[2026.03.26-00.25.07:216][ 40]LogSockets: Warning: Failed to read address for socket (SE_ENOTCONN) with error -1
[2026.03.26-00.25.07:216][ 40]LogSockets: Warning: Failed to read address for socket (SE_ENOTCONN) with error -1
[2026.03.26-00.25.08:619][ 82]LogTheIsleCommandData: [2026.03.26-00.25.08] RCON Command Used [Get Player List] : 
[2026.03.26-00.25.15:831][298]LogSockets: Warning: Failed to read address for socket (SE_ENOTCONN) with error -1
[2026.03.26-00.25.15:831][298]LogSockets: Warning: Failed to read address for socket (SE_ENOTCONN) with error -1
[2026.03.26-00.25.17:200][339]LogSockets: Warning: Failed to read address for socket (SE_ENOTCONN) with error -1
[2026.03.26-00.25.17:200][339]LogSockets: Warning: Failed to read address for socket (SE_ENOTCONN) with error -1
[2026.03.26-00.25.18:269][371]LogTheIsleCommandData: [2026.03.26-00.25.18] RCON Command Used [Get Player List] : 
[2026.03.26-00.25.25:481][587]LogSockets: Warning: Failed to read address for socket (SE_ENOTCONN) with error -1
[2026.03.26-00.25.25:481][587]LogSockets: Warning: Failed to read address for socket (SE_ENOTCONN) with error -1
[2026.03.26-00.25.26:884][629]LogSockets: Warning: Failed to read address for socket (SE_ENOTCONN) with error -1
[2026.03.26-00.25.26:884][629]LogSockets: Warning: Failed to read address for socket (SE_ENOTCONN) with error -1
[2026.03.26-00.25.27:952][661]LogTheIsleCommandData: [2026.03.26-00.25.27] RCON Command Used [Get Player List] : 
[2026.03.26-00.25.35:165][877]LogSockets: Warning: Failed to read address for socket (SE_ENOTCONN) with error -1
[2026.03.26-00.25.35:165][877]LogSockets: Warning: Failed to read address for socket (SE_ENOTCONN) with error -1
[2026.03.26-00.25.36:567][919]LogSockets: Warning: Failed to read address for socket (SE_ENOTCONN) with error -1
[2026.03.26-00.25.36:567][919]LogSockets: Warning: Failed to read address for socket (SE_ENOTCONN) with error -1
[2026.03.26-00.25.37:636][951]LogTheIsleCommandData: [2026.03.26-00.25.37] RCON Command Used [Get Player List] : 
[2026.03.26-00.25.44:849][167]LogSockets: Warning: Failed to read address for socket (SE_ENOTCONN) with error -1
[2026.03.26-00.25.44:849][167]LogSockets: Warning: Failed to read address for socket (SE_ENOTCONN) with error -1
[2026.03.26-00.25.46:217][208]LogSockets: Warning: Failed to read address for socket (SE_ENOTCONN) with error -1
[2026.03.26-00.25.46:217][208]LogSockets: Warning: Failed to read address for socket (SE_ENOTCONN) with error -1
[2026.03.26-00.25.47:286][240]LogTheIsleCommandData: [2026.03.26-00.25.47] RCON Command Used [Get Player List] : 
[2026.03.26-00.25.54:498][456]LogSockets: Warning: Failed to read address for socket (SE_ENOTCONN) with error -1
[2026.03.26-00.25.54:498][456]LogSockets: Warning: Failed to read address for socket (SE_ENOTCONN) with error -1
[2026.03.26-00.25.55:867][497]LogSockets: Warning: Failed to read address for socket (SE_ENOTCONN) with error -1
[2026.03.26-00.25.55:867][497]LogSockets: Warning: Failed to read address for socket (SE_ENOTCONN) with error -1
[2026.03.26-00.25.56:903][528]LogTheIsleCommandData: [2026.03.26-00.25.56] RCON Command Used [Get Player List] : 
[2026.03.26-00.26.04:483][755]LogSockets: Warning: Failed to read address for socket (SE_ENOTCONN) with error -1
[2026.03.26-00.26.04:483][755]LogSockets: Warning: Failed to read address for socket (SE_ENOTCONN) with error -1
[2026.03.26-00.26.05:551][787]LogTheIsleCommandData: [2026.03.26-00.26.05] RCON Command Used [Get Player List] : 
[2026.03.26-00.26.12:864][  6]LogSockets: Warning: Failed to read address for socket (SE_ENOTCONN) with error -1
[2026.03.26-00.26.12:864][  6]LogSockets: Warning: Failed to read address for socket (SE_ENOTCONN) with error -1
[2026.03.26-00.26.14:200][ 46]LogSockets: Warning: Failed to read address for socket (SE_ENOTCONN) with error -1
[2026.03.26-00.26.14:200][ 46]LogSockets: Warning: Failed to read address for socket (SE_ENOTCONN) with error -1
[2026.03.26-00.26.15:302][ 79]LogTheIsleCommandData: [2026.03.26-00.26.15] RCON Command Used [Get Player List] : 
[2026.03.26-00.26.22:413][292]LogSockets: Warning: Failed to read address for socket (SE_ENOTCONN) with error -1
[2026.03.26-00.26.22:414][292]LogSockets: Warning: Failed to read address for socket (SE_ENOTCONN) with error -1
[2026.03.26-00.26.23:783][333]LogSockets: Warning: Failed to read address for socket (SE_ENOTCONN) with error -1
[2026.03.26-00.26.23:783][333]LogSockets: Warning: Failed to read address for socket (SE_ENOTCONN) with error -1
[2026.03.26-00.26.24:851][365]LogTheIsleCommandData: [2026.03.26-00.26.24] RCON Command Used [Get Player List] : 
[2026.03.26-00.26.32:264][587]LogSockets: Warning: Failed to read address for socket (SE_ENOTCONN) with error -1
[2026.03.26-00.26.32:264][587]LogSockets: Warning: Failed to read address for socket (SE_ENOTCONN) with error -1
[2026.03.26-00.26.33:601][627]LogSockets: Warning: Failed to read address for socket (SE_ENOTCONN) with error -1
[2026.03.26-00.26.33:601][627]LogSockets: Warning: Failed to read address for socket (SE_ENOTCONN) with error -1
[2026.03.26-00.26.34:668][659]LogTheIsleCommandData: [2026.03.26-00.26.34] RCON Command Used [Get Player List] : 
[2026.03.26-00.26.41:880][875]LogSockets: Warning: Failed to read address for socket (SE_ENOTCONN) with error -1
[2026.03.26-00.26.41:880][875]LogSockets: Warning: Failed to read address for socket (SE_ENOTCONN) with error -1
[2026.03.26-00.26.43:283][917]LogSockets: Warning: Failed to read address for socket (SE_ENOTCONN) with error -1
[2026.03.26-00.26.43:283][917]LogSockets: Warning: Failed to read address for socket (SE_ENOTCONN) with error -1
[2026.03.26-00.26.44:352][949]LogTheIsleCommandData: [2026.03.26-00.26.44] RCON Command Used [Get Player List] : 
[2026.03.26-00.26.51:564][165]LogSockets: Warning: Failed to read address for socket (SE_ENOTCONN) with error -1
[2026.03.26-00.26.51:564][165]LogSockets: Warning: Failed to read address for socket (SE_ENOTCONN) with error -1
[2026.03.26-00.26.52:966][207]LogSockets: Warning: Failed to read address for socket (SE_ENOTCONN) with error -1
[2026.03.26-00.26.52:966][207]LogSockets: Warning: Failed to read address for socket (SE_ENOTCONN) with error -1
[2026.03.26-00.26.54:035][239]LogTheIsleCommandData: [2026.03.26-00.26.54] RCON Command Used [Get Player List] : 
[2026.03.26-00.27.01:247][455]LogSockets: Warning: Failed to read address for socket (SE_ENOTCONN) with error -1
[2026.03.26-00.27.01:247][455]LogSockets: Warning: Failed to read address for socket (SE_ENOTCONN) with error -1
[2026.03.26-00.27.02:750][500]LogTheIsleCommandData: [2026.03.26-00.27.02] RCON Command Used [Get Player List] : 
[2026.03.26-00.27.09:962][716]LogSockets: Warning: Failed to read address for socket (SE_ENOTCONN) with error -1
[2026.03.26-00.27.09:962][716]LogSockets: Warning: Failed to read address for socket (SE_ENOTCONN) with error -1
[2026.03.26-00.27.11:398][759]LogTheIsleCommandData: [2026.03.26-00.27.11] RCON Command Used [Get Player List] : 
[2026.03.26-00.27.18:610][975]LogSockets: Warning: Failed to read address for socket (SE_ENOTCONN) with error -1
[2026.03.26-00.27.18:610][975]LogSockets: Warning: Failed to read address for socket (SE_ENOTCONN) with error -1
[2026.03.26-00.27.19:980][ 16]LogSockets: Warning: Failed to read address for socket (SE_ENOTCONN) with error -1
[2026.03.26-00.27.19:980][ 16]LogSockets: Warning: Failed to read address for socket (SE_ENOTCONN) with error -1
[2026.03.26-00.27.21:048][ 48]LogTheIsleCommandData: [2026.03.26-00.27.21] RCON Command Used [Get Player List] : 
[2026.03.26-00.27.28:260][264]LogSockets: Warning: Failed to read address for socket (SE_ENOTCONN) with error -1
[2026.03.26-00.27.28:260][264]LogSockets: Warning: Failed to read address for socket (SE_ENOTCONN) with error -1
[2026.03.26-00.27.29:629][305]LogSockets: Warning: Failed to read address for socket (SE_ENOTCONN) with error -1
[2026.03.26-00.27.29:629][305]LogSockets: Warning: Failed to read address for socket (SE_ENOTCONN) with error -1
[2026.03.26-00.27.30:698][337]LogTheIsleCommandData: [2026.03.26-00.27.30] RCON Command Used [Get Player List] : 
[2026.03.26-00.27.37:910][553]LogSockets: Warning: Failed to read address for socket (SE_ENOTCONN) with error -1
[2026.03.26-00.27.37:910][553]LogSockets: Warning: Failed to read address for socket (SE_ENOTCONN) with error -1
[2026.03.26-00.27.39:279][594]LogSockets: Warning: Failed to read address for socket (SE_ENOTCONN) with error -1
[2026.03.26-00.27.39:279][594]LogSockets: Warning: Failed to read address for socket (SE_ENOTCONN) with error -1
[2026.03.26-00.27.40:348][626]LogTheIsleCommandData: [2026.03.26-00.27.40] RCON Command Used [Get Player List] : 
[2026.03.26-00.27.47:560][842]LogSockets: Warning: Failed to read address for socket (SE_ENOTCONN) with error -1
[2026.03.26-00.27.47:560][842]LogSockets: Warning: Failed to read address for socket (SE_ENOTCONN) with error -1
[2026.03.26-00.27.48:996][885]LogTheIsleCommandData: [2026.03.26-00.27.48] RCON Command Used [Get Player List] : 
[2026.03.26-00.27.56:642][114]LogSockets: Warning: Failed to read address for socket (SE_ENOTCONN) with error -1
[2026.03.26-00.27.56:642][114]LogSockets: Warning: Failed to read address for socket (SE_ENOTCONN) with error -1
[2026.03.26-00.27.57:711][146]LogTheIsleCommandData: [2026.03.26-00.27.57] RCON Command Used [Get Player List] : 
[2026.03.26-00.28.05:224][371]LogTheIsleCommandData: [2026.03.26-00.28.05] RCON Command Used [Get Player List] : 
[2026.03.26-00.28.12:436][587]LogSockets: Warning: Failed to read address for socket (SE_ENOTCONN) with error -1
[2026.03.26-00.28.12:436][587]LogSockets: Warning: Failed to read address for socket (SE_ENOTCONN) with error -1
[2026.03.26-00.28.13:806][628]LogSockets: Warning: Failed to read address for socket (SE_ENOTCONN) with error -1
[2026.03.26-00.28.13:806][628]LogSockets: Warning: Failed to read address for socket (SE_ENOTCONN) with error -1
[2026.03.26-00.28.14:874][660]LogTheIsleCommandData: [2026.03.26-00.28.14] RCON Command Used [Get Player List] : 
[2026.03.26-00.28.22:087][876]LogSockets: Warning: Failed to read address for socket (SE_ENOTCONN) with error -1
[2026.03.26-00.28.22:087][876]LogSockets: Warning: Failed to read address for socket (SE_ENOTCONN) with error -1
[2026.03.26-00.28.23:455][917]LogSockets: Warning: Failed to read address for socket (SE_ENOTCONN) with error -1
[2026.03.26-00.28.23:455][917]LogSockets: Warning: Failed to read address for socket (SE_ENOTCONN) with error -1
[2026.03.26-00.28.24:524][949]LogTheIsleCommandData: [2026.03.26-00.28.24] RCON Command Used [Get Player List] : 
[2026.03.26-00.28.31:836][168]LogSockets: Warning: Failed to read address for socket (SE_ENOTCONN) with error -1
[2026.03.26-00.28.31:836][168]LogSockets: Warning: Failed to read address for socket (SE_ENOTCONN) with error -1
[2026.03.26-00.28.33:205][209]LogSockets: Warning: Failed to read address for socket (SE_ENOTCONN) with error -1
[2026.03.26-00.28.33:205][209]LogSockets: Warning: Failed to read address for socket (SE_ENOTCONN) with error -1
[2026.03.26-00.28.34:240][240]LogTheIsleCommandData: [2026.03.26-00.28.34] RCON Command Used [Get Player List] : 
[2026.03.26-00.28.41:553][459]LogSockets: Warning: Failed to read address for socket (SE_ENOTCONN) with error -1
[2026.03.26-00.28.41:553][459]LogSockets: Warning: Failed to read address for socket (SE_ENOTCONN) with error -1
[2026.03.26-00.28.42:888][499]LogSockets: Warning: Failed to read address for socket (SE_ENOTCONN) with error -1
[2026.03.26-00.28.42:888][499]LogSockets: Warning: Failed to read address for socket (SE_ENOTCONN) with error -1
[2026.03.26-00.28.43:957][531]LogTheIsleCommandData: [2026.03.26-00.28.43] RCON Command Used [Get Player List] : 
[2026.03.26-00.28.51:270][750]LogSockets: Warning: Failed to read address for socket (SE_ENOTCONN) with error -1
[2026.03.26-00.28.51:270][750]LogSockets: Warning: Failed to read address for socket (SE_ENOTCONN) with error -1
[2026.03.26-00.28.52:639][791]LogTheIsleCommandData: [2026.03.26-00.28.52] RCON Command Used [Get Player List] : 
[2026.03.26-00.28.59:851][  7]LogSockets: Warning: Failed to read address for socket (SE_ENOTCONN) with error -1
[2026.03.26-00.28.59:851][  7]LogSockets: Warning: Failed to read address for socket (SE_ENOTCONN) with error -1
[2026.03.26-00.29.01:256][ 49]LogSockets: Warning: Failed to read address for socket (SE_ENOTCONN) with error -1
[2026.03.26-00.29.01:256][ 49]LogSockets: Warning: Failed to read address for socket (SE_ENOTCONN) with error -1
[2026.03.26-00.29.02:324][ 81]LogTheIsleCommandData: [2026.03.26-00.29.02] RCON Command Used [Get Player List] : 
[2026.03.26-00.29.09:537][297]LogSockets: Warning: Failed to read address for socket (SE_ENOTCONN) with error -1
[2026.03.26-00.29.09:537][297]LogSockets: Warning: Failed to read address for socket (SE_ENOTCONN) with error -1
[2026.03.26-00.29.10:873][337]LogSockets: Warning: Failed to read address for socket (SE_ENOTCONN) with error -1
[2026.03.26-00.29.10:873][337]LogSockets: Warning: Failed to read address for socket (SE_ENOTCONN) with error -1
[2026.03.26-00.29.11:941][369]LogTheIsleCommandData: [2026.03.26-00.29.11] RCON Command Used [Get Player List] : 
[2026.03.26-00.29.19:255][588]LogSockets: Warning: Failed to read address for socket (SE_ENOTCONN) with error -1
[2026.03.26-00.29.19:255][588]LogSockets: Warning: Failed to read address for socket (SE_ENOTCONN) with error -1
[2026.03.26-00.29.20:590][628]LogSockets: Warning: Failed to read address for socket (SE_ENOTCONN) with error -1
[2026.03.26-00.29.20:590][628]LogSockets: Warning: Failed to read address for socket (SE_ENOTCONN) with error -1
[2026.03.26-00.29.21:659][660]LogTheIsleCommandData: [2026.03.26-00.29.21] RCON Command Used [Get Player List] : 
[2026.03.26-00.29.28:971][879]LogSockets: Warning: Failed to read address for socket (SE_ENOTCONN) with error -1
[2026.03.26-00.29.28:971][879]LogSockets: Warning: Failed to read address for socket (SE_ENOTCONN) with error -1
[2026.03.26-00.29.30:307][919]LogSockets: Warning: Failed to read address for socket (SE_ENOTCONN) with error -1
[2026.03.26-00.29.30:307][919]LogSockets: Warning: Failed to read address for socket (SE_ENOTCONN) with error -1
[2026.03.26-00.29.31:375][951]LogTheIsleCommandData: [2026.03.26-00.29.31] RCON Command Used [Get Player List] : 
[2026.03.26-00.29.55:984][688]LogSockets: Warning: Failed to read address for socket (SE_ENOTCONN) with error -1
[2026.03.26-00.29.55:984][688]LogSockets: Warning: Failed to read address for socket (SE_ENOTCONN) with error -1
[2026.03.26-00.29.57:320][728]LogSockets: Warning: Failed to read address for socket (SE_ENOTCONN) with error -1
[2026.03.26-00.29.57:320][728]LogSockets: Warning: Failed to read address for socket (SE_ENOTCONN) with error -1
[2026.03.26-00.29.58:389][760]LogTheIsleCommandData: [2026.03.26-00.29.58] RCON Command Used [Get Player List] : 
[2026.03.26-00.30.06:136][992]LogSockets: Warning: Failed to read address for socket (SE_ENOTCONN) with error -1
[2026.03.26-00.30.06:136][992]LogSockets: Warning: Failed to read address for socket (SE_ENOTCONN) with error -1
[2026.03.26-00.30.07:204][ 24]LogTheIsleCommandData: [2026.03.26-00.30.07] RCON Command Used [Get Player List] : 
[2026.03.26-00.30.10:410][120]LogSockets: Warning: Failed to read address for socket (SE_ENOTCONN) with error -1
[2026.03.26-00.30.10:410][120]LogSockets: Warning: Failed to read address for socket (SE_ENOTCONN) with error -1
[2026.03.26-00.30.11:812][162]LogSockets: Warning: Failed to read address for socket (SE_ENOTCONN) with error -1
[2026.03.26-00.30.11:812][162]LogSockets: Warning: Failed to read address for socket (SE_ENOTCONN) with error -1
[2026.03.26-00.30.14:484][242]LogSockets: Warning: Failed to read address for socket (SE_ENOTCONN) with error -1
[2026.03.26-00.30.14:484][242]LogSockets: Warning: Failed to read address for socket (SE_ENOTCONN) with error -1
[2026.03.26-00.30.15:886][284]LogSockets: Warning: Failed to read address for socket (SE_ENOTCONN) with error -1
[2026.03.26-00.30.15:886][284]LogSockets: Warning: Failed to read address for socket (SE_ENOTCONN) with error -1
[2026.03.26-00.30.16:988][317]LogTheIsleCommandData: [2026.03.26-00.30.16] RCON Command Used [Get Player List] : 
[2026.03.26-00.30.24:200][533]LogSockets: Warning: Failed to read address for socket (SE_ENOTCONN) with error -1
[2026.03.26-00.30.24:200][533]LogSockets: Warning: Failed to read address for socket (SE_ENOTCONN) with error -1
[2026.03.26-00.30.25:636][576]LogSockets: Warning: Failed to read address for socket (SE_ENOTCONN) with error -1
[2026.03.26-00.30.25:636][576]LogSockets: Warning: Failed to read address for socket (SE_ENOTCONN) with error -1
[2026.03.26-00.30.26:704][608]LogTheIsleCommandData: [2026.03.26-00.30.26] RCON Command Used [Get Player List] : 
[2026.03.26-00.30.34:017][827]LogSockets: Warning: Failed to read address for socket (SE_ENOTCONN) with error -1
[2026.03.26-00.30.34:017][827]LogSockets: Warning: Failed to read address for socket (SE_ENOTCONN) with error -1
[2026.03.26-00.30.35:353][867]LogSockets: Warning: Failed to read address for socket (SE_ENOTCONN) with error -1
[2026.03.26-00.30.35:353][867]LogSockets: Warning: Failed to read address for socket (SE_ENOTCONN) with error -1
[2026.03.26-00.30.36:422][899]LogTheIsleCommandData: [2026.03.26-00.30.36] RCON Command Used [Get Player List] : 
[2026.03.26-00.30.44:134][130]LogTheIsleCommandData: [2026.03.26-00.30.44] RCON Command Used [Get Player List] : 
[2026.03.26-00.30.51:348][346]LogSockets: Warning: Failed to read address for socket (SE_ENOTCONN) with error -1
[2026.03.26-00.30.51:348][346]LogSockets: Warning: Failed to read address for socket (SE_ENOTCONN) with error -1
[2026.03.26-00.30.52:783][389]LogSockets: Warning: Failed to read address for socket (SE_ENOTCONN) with error -1
[2026.03.26-00.30.52:783][389]LogSockets: Warning: Failed to read address for socket (SE_ENOTCONN) with error -1
[2026.03.26-00.30.53:852][421]LogTheIsleCommandData: [2026.03.26-00.30.53] RCON Command Used [Get Player List] : 
[2026.03.26-00.31.01:064][637]LogSockets: Warning: Failed to read address for socket (SE_ENOTCONN) with error -1
[2026.03.26-00.31.01:064][637]LogSockets: Warning: Failed to read address for socket (SE_ENOTCONN) with error -1
[2026.03.26-00.31.02:467][679]LogSockets: Warning: Failed to read address for socket (SE_ENOTCONN) with error -1
[2026.03.26-00.31.02:467][679]LogSockets: Warning: Failed to read address for socket (SE_ENOTCONN) with error -1
[2026.03.26-00.31.03:535][711]LogTheIsleCommandData: [2026.03.26-00.31.03] RCON Command Used [Get Player List] : 
[2026.03.26-00.31.10:647][924]LogSockets: Warning: Failed to read address for socket (SE_ENOTCONN) with error -1
[2026.03.26-00.31.10:647][924]LogSockets: Warning: Failed to read address for socket (SE_ENOTCONN) with error -1
[2026.03.26-00.31.12:050][966]LogSockets: Warning: Failed to read address for socket (SE_ENOTCONN) with error -1
[2026.03.26-00.31.12:050][966]LogSockets: Warning: Failed to read address for socket (SE_ENOTCONN) with error -1
[2026.03.26-00.31.13:118][998]LogTheIsleCommandData: [2026.03.26-00.31.13] RCON Command Used [Get Player List] : 
[2026.03.26-00.31.20:331][214]LogSockets: Warning: Failed to read address for socket (SE_ENOTCONN) with error -1
[2026.03.26-00.31.20:331][214]LogSockets: Warning: Failed to read address for socket (SE_ENOTCONN) with error -1
[2026.03.26-00.31.21:733][256]LogSockets: Warning: Failed to read address for socket (SE_ENOTCONN) with error -1
[2026.03.26-00.31.21:733][256]LogSockets: Warning: Failed to read address for socket (SE_ENOTCONN) with error -1
[2026.03.26-00.31.22:802][288]LogTheIsleCommandData: [2026.03.26-00.31.22] RCON Command Used [Get Player List] : 
[2026.03.26-00.31.30:014][504]LogSockets: Warning: Failed to read address for socket (SE_ENOTCONN) with error -1
[2026.03.26-00.31.30:014][504]LogSockets: Warning: Failed to read address for socket (SE_ENOTCONN) with error -1
[2026.03.26-00.31.31:450][547]LogSockets: Warning: Failed to read address for socket (SE_ENOTCONN) with error -1
[2026.03.26-00.31.31:450][547]LogSockets: Warning: Failed to read address for socket (SE_ENOTCONN) with error -1
[2026.03.26-00.31.32:518][579]LogTheIsleCommandData: [2026.03.26-00.31.32] RCON Command Used [Get Player List] : 
[2026.03.26-00.31.39:831][798]LogSockets: Warning: Failed to read address for socket (SE_ENOTCONN) with error -1
[2026.03.26-00.31.39:831][798]LogSockets: Warning: Failed to read address for socket (SE_ENOTCONN) with error -1
[2026.03.26-00.31.41:167][838]LogSockets: Warning: Failed to read address for socket (SE_ENOTCONN) with error -1
[2026.03.26-00.31.41:167][838]LogSockets: Warning: Failed to read address for socket (SE_ENOTCONN) with error -1
[2026.03.26-00.31.42:235][870]LogTheIsleCommandData: [2026.03.26-00.31.42] RCON Command Used [Get Player List] : 
[2026.03.26-00.31.49:147][ 77]LogSockets: Warning: Failed to read address for socket (SE_ENOTCONN) with error -1
[2026.03.26-00.31.49:147][ 77]LogSockets: Warning: Failed to read address for socket (SE_ENOTCONN) with error -1
[2026.03.26-00.31.49:547][ 89]LogSockets: Warning: Failed to read address for socket (SE_ENOTCONN) with error -1
[2026.03.26-00.31.49:547][ 89]LogSockets: Warning: Failed to read address for socket (SE_ENOTCONN) with error -1
[2026.03.26-00.31.50:883][129]LogSockets: Warning: Failed to read address for socket (SE_ENOTCONN) with error -1
[2026.03.26-00.31.50:883][129]LogSockets: Warning: Failed to read address for socket (SE_ENOTCONN) with error -1
[2026.03.26-00.31.51:952][161]LogTheIsleCommandData: [2026.03.26-00.31.51] RCON Command Used [Get Player List] : 
[2026.03.26-00.31.59:265][380]LogSockets: Warning: Failed to read address for socket (SE_ENOTCONN) with error -1
[2026.03.26-00.31.59:265][380]LogSockets: Warning: Failed to read address for socket (SE_ENOTCONN) with error -1
[2026.03.26-00.32.00:634][421]LogSockets: Warning: Failed to read address for socket (SE_ENOTCONN) with error -1
[2026.03.26-00.32.00:634][421]LogSockets: Warning: Failed to read address for socket (SE_ENOTCONN) with error -1
[2026.03.26-00.32.01:736][454]LogTheIsleCommandData: [2026.03.26-00.32.01] RCON Command Used [Get Player List] : 
[2026.03.26-00.32.08:949][670]LogSockets: Warning: Failed to read address for socket (SE_ENOTCONN) with error -1
[2026.03.26-00.32.08:949][670]LogSockets: Warning: Failed to read address for socket (SE_ENOTCONN) with error -1
[2026.03.26-00.32.10:318][711]LogSockets: Warning: Failed to read address for socket (SE_ENOTCONN) with error -1
[2026.03.26-00.32.10:318][711]LogSockets: Warning: Failed to read address for socket (SE_ENOTCONN) with error -1
[2026.03.26-00.32.11:387][743]LogTheIsleCommandData: [2026.03.26-00.32.11] RCON Command Used [Get Player List] : 
[2026.03.26-00.32.18:599][959]LogSockets: Warning: Failed to read address for socket (SE_ENOTCONN) with error -1
[2026.03.26-00.32.18:599][959]LogSockets: Warning: Failed to read address for socket (SE_ENOTCONN) with error -1
[2026.03.26-00.32.20:002][  1]LogSockets: Warning: Failed to read address for socket (SE_ENOTCONN) with error -1
[2026.03.26-00.32.20:002][  1]LogSockets: Warning: Failed to read address for socket (SE_ENOTCONN) with error -1
[2026.03.26-00.32.21:071][ 33]LogTheIsleCommandData: [2026.03.26-00.32.21] RCON Command Used [Get Player List] : 
[2026.03.26-00.32.28:283][249]LogSockets: Warning: Failed to read address for socket (SE_ENOTCONN) with error -1
[2026.03.26-00.32.28:283][249]LogSockets: Warning: Failed to read address for socket (SE_ENOTCONN) with error -1
[2026.03.26-00.32.29:652][290]LogSockets: Warning: Failed to read address for socket (SE_ENOTCONN) with error -1
[2026.03.26-00.32.29:652][290]LogSockets: Warning: Failed to read address for socket (SE_ENOTCONN) with error -1
[2026.03.26-00.32.30:721][322]LogTheIsleCommandData: [2026.03.26-00.32.30] RCON Command Used [Get Player List] : 
[2026.03.26-00.32.37:933][538]LogSockets: Warning: Failed to read address for socket (SE_ENOTCONN) with error -1
[2026.03.26-00.32.37:933][538]LogSockets: Warning: Failed to read address for socket (SE_ENOTCONN) with error -1
[2026.03.26-00.32.39:269][578]LogSockets: Warning: Failed to read address for socket (SE_ENOTCONN) with error -1
[2026.03.26-00.32.39:269][578]LogSockets: Warning: Failed to read address for socket (SE_ENOTCONN) with error -1
[2026.03.26-00.32.40:337][610]LogTheIsleCommandData: [2026.03.26-00.32.40] RCON Command Used [Get Player List] : 
[2026.03.26-00.32.47:550][826]LogSockets: Warning: Failed to read address for socket (SE_ENOTCONN) with error -1
[2026.03.26-00.32.47:550][826]LogSockets: Warning: Failed to read address for socket (SE_ENOTCONN) with error -1
[2026.03.26-00.32.48:919][867]LogSockets: Warning: Failed to read address for socket (SE_ENOTCONN) with error -1
[2026.03.26-00.32.48:919][867]LogSockets: Warning: Failed to read address for socket (SE_ENOTCONN) with error -1
[2026.03.26-00.32.49:988][899]LogTheIsleCommandData: [2026.03.26-00.32.49] RCON Command Used [Get Player List] : 
[2026.03.26-00.32.57:200][115]LogSockets: Warning: Failed to read address for socket (SE_ENOTCONN) with error -1
[2026.03.26-00.32.57:200][115]LogSockets: Warning: Failed to read address for socket (SE_ENOTCONN) with error -1
[2026.03.26-00.32.58:603][157]LogSockets: Warning: Failed to read address for socket (SE_ENOTCONN) with error -1
[2026.03.26-00.32.58:603][157]LogSockets: Warning: Failed to read address for socket (SE_ENOTCONN) with error -1
[2026.03.26-00.32.59:672][189]LogTheIsleCommandData: [2026.03.26-00.32.59] RCON Command Used [Get Player List] : 
[2026.03.26-00.33.06:884][405]LogSockets: Warning: Failed to read address for socket (SE_ENOTCONN) with error -1
[2026.03.26-00.33.06:884][405]LogSockets: Warning: Failed to read address for socket (SE_ENOTCONN) with error -1
[2026.03.26-00.33.08:253][446]LogSockets: Warning: Failed to read address for socket (SE_ENOTCONN) with error -1
[2026.03.26-00.33.08:253][446]LogSockets: Warning: Failed to read address for socket (SE_ENOTCONN) with error -1
[2026.03.26-00.33.09:323][478]LogTheIsleCommandData: [2026.03.26-00.33.09] RCON Command Used [Get Player List] : 
[2026.03.26-00.33.16:534][694]LogSockets: Warning: Failed to read address for socket (SE_ENOTCONN) with error -1
[2026.03.26-00.33.16:534][694]LogSockets: Warning: Failed to read address for socket (SE_ENOTCONN) with error -1
[2026.03.26-00.33.17:903][735]LogSockets: Warning: Failed to read address for socket (SE_ENOTCONN) with error -1
[2026.03.26-00.33.17:904][735]LogSockets: Warning: Failed to read address for socket (SE_ENOTCONN) with error -1
[2026.03.26-00.33.18:972][767]LogTheIsleCommandData: [2026.03.26-00.33.18] RCON Command Used [Get Player List] : 
[2026.03.26-00.33.26:284][986]LogSockets: Warning: Failed to read address for socket (SE_ENOTCONN) with error -1
[2026.03.26-00.33.26:284][986]LogSockets: Warning: Failed to read address for socket (SE_ENOTCONN) with error -1
[2026.03.26-00.33.27:587][ 25]LogSockets: Warning: Failed to read address for socket (SE_ENOTCONN) with error -1
[2026.03.26-00.33.27:587][ 25]LogSockets: Warning: Failed to read address for socket (SE_ENOTCONN) with error -1
[2026.03.26-00.33.28:655][ 57]LogTheIsleCommandData: [2026.03.26-00.33.28] RCON Command Used [Get Player List] : 
[2026.03.26-00.33.35:868][273]LogSockets: Warning: Failed to read address for socket (SE_ENOTCONN) with error -1
[2026.03.26-00.33.35:868][273]LogSockets: Warning: Failed to read address for socket (SE_ENOTCONN) with error -1
[2026.03.26-00.33.37:271][315]LogSockets: Warning: Failed to read address for socket (SE_ENOTCONN) with error -1
[2026.03.26-00.33.37:271][315]LogSockets: Warning: Failed to read address for socket (SE_ENOTCONN) with error -1
[2026.03.26-00.33.38:339][347]LogTheIsleCommandData: [2026.03.26-00.33.38] RCON Command Used [Get Player List] : 
[2026.03.26-00.33.45:552][563]LogSockets: Warning: Failed to read address for socket (SE_ENOTCONN) with error -1
[2026.03.26-00.33.45:552][563]LogSockets: Warning: Failed to read address for socket (SE_ENOTCONN) with error -1
[2026.03.26-00.33.46:887][603]LogSockets: Warning: Failed to read address for socket (SE_ENOTCONN) with error -1
[2026.03.26-00.33.46:887][603]LogSockets: Warning: Failed to read address for socket (SE_ENOTCONN) with error -1
[2026.03.26-00.33.47:956][635]LogTheIsleCommandData: [2026.03.26-00.33.47] RCON Command Used [Get Player List] : 
[2026.03.26-00.33.55:168][851]LogSockets: Warning: Failed to read address for socket (SE_ENOTCONN) with error -1
[2026.03.26-00.33.55:168][851]LogSockets: Warning: Failed to read address for socket (SE_ENOTCONN) with error -1
[2026.03.26-00.33.56:571][893]LogSockets: Warning: Failed to read address for socket (SE_ENOTCONN) with error -1
[2026.03.26-00.33.56:571][893]LogSockets: Warning: Failed to read address for socket (SE_ENOTCONN) with error -1
[2026.03.26-00.33.57:639][925]LogTheIsleCommandData: [2026.03.26-00.33.57] RCON Command Used [Get Player List] : 
[2026.03.26-00.34.04:952][144]LogSockets: Warning: Failed to read address for socket (SE_ENOTCONN) with error -1
[2026.03.26-00.34.04:952][144]LogSockets: Warning: Failed to read address for socket (SE_ENOTCONN) with error -1
[2026.03.26-00.34.06:287][184]LogSockets: Warning: Failed to read address for socket (SE_ENOTCONN) with error -1
[2026.03.26-00.34.06:287][184]LogSockets: Warning: Failed to read address for socket (SE_ENOTCONN) with error -1
[2026.03.26-00.34.07:356][216]LogTheIsleCommandData: [2026.03.26-00.34.07] RCON Command Used [Get Player List] : 
[2026.03.26-00.34.14:468][429]LogSockets: Warning: Failed to read address for socket (SE_ENOTCONN) with error -1
[2026.03.26-00.34.14:468][429]LogSockets: Warning: Failed to read address for socket (SE_ENOTCONN) with error -1
[2026.03.26-00.34.15:838][470]LogSockets: Warning: Failed to read address for socket (SE_ENOTCONN) with error -1
[2026.03.26-00.34.15:838][470]LogSockets: Warning: Failed to read address for socket (SE_ENOTCONN) with error -1
[2026.03.26-00.34.16:873][501]LogTheIsleCommandData: [2026.03.26-00.34.16] RCON Command Used [Get Player List] : 
[2026.03.26-00.34.23:984][714]LogSockets: Warning: Failed to read address for socket (SE_ENOTCONN) with error -1
[2026.03.26-00.34.23:984][714]LogSockets: Warning: Failed to read address for socket (SE_ENOTCONN) with error -1
[2026.03.26-00.34.25:354][755]LogSockets: Warning: Failed to read address for socket (SE_ENOTCONN) with error -1
[2026.03.26-00.34.25:354][755]LogSockets: Warning: Failed to read address for socket (SE_ENOTCONN) with error -1
[2026.03.26-00.34.26:423][787]LogTheIsleCommandData: [2026.03.26-00.34.26] RCON Command Used [Get Player List] : 
[2026.03.26-00.34.33:635][  3]LogSockets: Warning: Failed to read address for socket (SE_ENOTCONN) with error -1
[2026.03.26-00.34.33:635][  3]LogSockets: Warning: Failed to read address for socket (SE_ENOTCONN) with error -1
[2026.03.26-00.34.35:037][ 45]LogSockets: Warning: Failed to read address for socket (SE_ENOTCONN) with error -1
[2026.03.26-00.34.35:037][ 45]LogSockets: Warning: Failed to read address for socket (SE_ENOTCONN) with error -1
[2026.03.26-00.34.36:106][ 77]LogTheIsleCommandData: [2026.03.26-00.34.36] RCON Command Used [Get Player List] : 
[2026.03.26-00.34.43:319][293]LogSockets: Warning: Failed to read address for socket (SE_ENOTCONN) with error -1
[2026.03.26-00.34.43:319][293]LogSockets: Warning: Failed to read address for socket (SE_ENOTCONN) with error -1
[2026.03.26-00.34.44:721][335]LogSockets: Warning: Failed to read address for socket (SE_ENOTCONN) with error -1
[2026.03.26-00.34.44:721][335]LogSockets: Warning: Failed to read address for socket (SE_ENOTCONN) with error -1
[2026.03.26-00.34.45:756][366]LogTheIsleCommandData: [2026.03.26-00.34.45] RCON Command Used [Get Player List] : 
[2026.03.26-00.34.53:070][585]LogSockets: Warning: Failed to read address for socket (SE_ENOTCONN) with error -1
[2026.03.26-00.34.53:070][585]LogSockets: Warning: Failed to read address for socket (SE_ENOTCONN) with error -1
[2026.03.26-00.34.54:405][625]LogSockets: Warning: Failed to read address for socket (SE_ENOTCONN) with error -1
[2026.03.26-00.34.54:405][625]LogSockets: Warning: Failed to read address for socket (SE_ENOTCONN) with error -1
[2026.03.26-00.34.55:473][657]LogTheIsleCommandData: [2026.03.26-00.34.55] RCON Command Used [Get Player List] : 
[2026.03.26-00.35.02:786][876]LogSockets: Warning: Failed to read address for socket (SE_ENOTCONN) with error -1
[2026.03.26-00.35.02:786][876]LogSockets: Warning: Failed to read address for socket (SE_ENOTCONN) with error -1
[2026.03.26-00.35.04:155][917]LogSockets: Warning: Failed to read address for socket (SE_ENOTCONN) with error -1
[2026.03.26-00.35.04:155][917]LogSockets: Warning: Failed to read address for socket (SE_ENOTCONN) with error -1
[2026.03.26-00.35.05:223][949]LogTheIsleCommandData: [2026.03.26-00.35.05] RCON Command Used [Get Player List] : 
[2026.03.26-00.35.12:436][165]LogSockets: Warning: Failed to read address for socket (SE_ENOTCONN) with error -1
[2026.03.26-00.35.12:436][165]LogSockets: Warning: Failed to read address for socket (SE_ENOTCONN) with error -1
[2026.03.26-00.35.13:772][205]LogSockets: Warning: Failed to read address for socket (SE_ENOTCONN) with error -1
[2026.03.26-00.35.13:772][205]LogSockets: Warning: Failed to read address for socket (SE_ENOTCONN) with error -1
[2026.03.26-00.35.14:840][237]LogTheIsleCommandData: [2026.03.26-00.35.14] RCON Command Used [Get Player List] : 
[2026.03.26-00.35.22:254][459]LogSockets: Warning: Failed to read address for socket (SE_ENOTCONN) with error -1
[2026.03.26-00.35.22:254][459]LogSockets: Warning: Failed to read address for socket (SE_ENOTCONN) with error -1
[2026.03.26-00.35.23:589][499]LogSockets: Warning: Failed to read address for socket (SE_ENOTCONN) with error -1
[2026.03.26-00.35.23:589][499]LogSockets: Warning: Failed to read address for socket (SE_ENOTCONN) with error -1
[2026.03.26-00.35.24:658][531]LogTheIsleCommandData: [2026.03.26-00.35.24] RCON Command Used [Get Player List] : 
[2026.03.26-00.35.31:870][747]LogSockets: Warning: Failed to read address for socket (SE_ENOTCONN) with error -1
[2026.03.26-00.35.31:870][747]LogSockets: Warning: Failed to read address for socket (SE_ENOTCONN) with error -1
[2026.03.26-00.35.33:239][788]LogSockets: Warning: Failed to read address for socket (SE_ENOTCONN) with error -1
[2026.03.26-00.35.33:239][788]LogSockets: Warning: Failed to read address for socket (SE_ENOTCONN) with error -1
[2026.03.26-00.35.34:307][820]LogTheIsleCommandData: [2026.03.26-00.35.34] RCON Command Used [Get Player List] : 
[2026.03.26-00.35.41:521][ 36]LogSockets: Warning: Failed to read address for socket (SE_ENOTCONN) with error -1
[2026.03.26-00.35.41:521][ 36]LogSockets: Warning: Failed to read address for socket (SE_ENOTCONN) with error -1
[2026.03.26-00.35.42:889][ 77]LogSockets: Warning: Failed to read address for socket (SE_ENOTCONN) with error -1
[2026.03.26-00.35.42:889][ 77]LogSockets: Warning: Failed to read address for socket (SE_ENOTCONN) with error -1
[2026.03.26-00.35.43:958][109]LogTheIsleCommandData: [2026.03.26-00.35.43] RCON Command Used [Get Player List] : 
[2026.03.26-00.35.51:172][325]LogSockets: Warning: Failed to read address for socket (SE_ENOTCONN) with error -1
[2026.03.26-00.35.51:172][325]LogSockets: Warning: Failed to read address for socket (SE_ENOTCONN) with error -1
[2026.03.26-00.35.52:574][367]LogSockets: Warning: Failed to read address for socket (SE_ENOTCONN) with error -1
[2026.03.26-00.35.52:574][367]LogSockets: Warning: Failed to read address for socket (SE_ENOTCONN) with error -1
[2026.03.26-00.35.53:642][399]LogTheIsleCommandData: [2026.03.26-00.35.53] RCON Command Used [Get Player List] : 
[2026.03.26-00.36.00:854][615]LogSockets: Warning: Failed to read address for socket (SE_ENOTCONN) with error -1
[2026.03.26-00.36.00:854][615]LogSockets: Warning: Failed to read address for socket (SE_ENOTCONN) with error -1
[2026.03.26-00.36.02:257][657]LogSockets: Warning: Failed to read address for socket (SE_ENOTCONN) with error -1
[2026.03.26-00.36.02:257][657]LogSockets: Warning: Failed to read address for socket (SE_ENOTCONN) with error -1
[2026.03.26-00.36.03:325][689]LogTheIsleCommandData: [2026.03.26-00.36.03] RCON Command Used [Get Player List] : 
[2026.03.26-00.36.10:538][905]LogSockets: Warning: Failed to read address for socket (SE_ENOTCONN) with error -1
[2026.03.26-00.36.10:538][905]LogSockets: Warning: Failed to read address for socket (SE_ENOTCONN) with error -1
[2026.03.26-00.36.11:942][947]LogSockets: Warning: Failed to read address for socket (SE_ENOTCONN) with error -1
[2026.03.26-00.36.11:942][947]LogSockets: Warning: Failed to read address for socket (SE_ENOTCONN) with error -1
[2026.03.26-00.36.13:044][980]LogTheIsleCommandData: [2026.03.26-00.36.13] RCON Command Used [Get Player List] : 
[2026.03.26-00.36.20:257][196]LogSockets: Warning: Failed to read address for socket (SE_ENOTCONN) with error -1
[2026.03.26-00.36.20:257][196]LogSockets: Warning: Failed to read address for socket (SE_ENOTCONN) with error -1
[2026.03.26-00.36.21:660][238]LogSockets: Warning: Failed to read address for socket (SE_ENOTCONN) with error -1
[2026.03.26-00.36.21:660][238]LogSockets: Warning: Failed to read address for socket (SE_ENOTCONN) with error -1
[2026.03.26-00.36.22:729][270]LogTheIsleCommandData: [2026.03.26-00.36.22] RCON Command Used [Get Player List] : 
[2026.03.26-00.36.29:941][486]LogSockets: Warning: Failed to read address for socket (SE_ENOTCONN) with error -1
[2026.03.26-00.36.29:941][486]LogSockets: Warning: Failed to read address for socket (SE_ENOTCONN) with error -1
[2026.03.26-00.36.31:344][528]LogSockets: Warning: Failed to read address for socket (SE_ENOTCONN) with error -1
[2026.03.26-00.36.31:344][528]LogSockets: Warning: Failed to read address for socket (SE_ENOTCONN) with error -1
[2026.03.26-00.36.32:412][560]LogTheIsleCommandData: [2026.03.26-00.36.32] RCON Command Used [Get Player List] : 
[2026.03.26-00.36.39:624][776]LogSockets: Warning: Failed to read address for socket (SE_ENOTCONN) with error -1
[2026.03.26-00.36.39:625][776]LogSockets: Warning: Failed to read address for socket (SE_ENOTCONN) with error -1
[2026.03.26-00.36.41:027][818]LogSockets: Warning: Failed to read address for socket (SE_ENOTCONN) with error -1
[2026.03.26-00.36.41:027][818]LogSockets: Warning: Failed to read address for socket (SE_ENOTCONN) with error -1
[2026.03.26-00.36.42:096][850]LogTheIsleCommandData: [2026.03.26-00.36.42] RCON Command Used [Get Player List] : 
[2026.03.26-00.36.49:709][ 78]LogSockets: Warning: Failed to read address for socket (SE_ENOTCONN) with error -1
[2026.03.26-00.36.49:709][ 78]LogSockets: Warning: Failed to read address for socket (SE_ENOTCONN) with error -1
[2026.03.26-00.36.51:046][118]LogSockets: Warning: Failed to read address for socket (SE_ENOTCONN) with error -1
[2026.03.26-00.36.51:046][118]LogSockets: Warning: Failed to read address for socket (SE_ENOTCONN) with error -1
[2026.03.26-00.36.52:114][150]LogTheIsleCommandData: [2026.03.26-00.36.52] RCON Command Used [Get Player List] : 
[2026.03.26-00.36.59:326][366]LogSockets: Warning: Failed to read address for socket (SE_ENOTCONN) with error -1
[2026.03.26-00.36.59:326][366]LogSockets: Warning: Failed to read address for socket (SE_ENOTCONN) with error -1
[2026.03.26-00.37.00:729][408]LogSockets: Warning: Failed to read address for socket (SE_ENOTCONN) with error -1
[2026.03.26-00.37.00:729][408]LogSockets: Warning: Failed to read address for socket (SE_ENOTCONN) with error -1
[2026.03.26-00.37.01:797][440]LogTheIsleCommandData: [2026.03.26-00.37.01] RCON Command Used [Get Player List] : 
[2026.03.26-00.37.09:010][656]LogSockets: Warning: Failed to read address for socket (SE_ENOTCONN) with error -1
[2026.03.26-00.37.09:010][656]LogSockets: Warning: Failed to read address for socket (SE_ENOTCONN) with error -1
[2026.03.26-00.37.10:412][698]LogSockets: Warning: Failed to read address for socket (SE_ENOTCONN) with error -1
[2026.03.26-00.37.10:412][698]LogSockets: Warning: Failed to read address for socket (SE_ENOTCONN) with error -1
[2026.03.26-00.37.11:481][730]LogTheIsleCommandData: [2026.03.26-00.37.11] RCON Command Used [Get Player List] : 
[2026.03.26-00.37.17:592][913]LogSockets: Warning: Failed to read address for socket (SE_ENOTCONN) with error -1
[2026.03.26-00.37.17:592][913]LogSockets: Warning: Failed to read address for socket (SE_ENOTCONN) with error -1
[2026.03.26-00.37.18:694][946]LogSockets: Warning: Failed to read address for socket (SE_ENOTCONN) with error -1
[2026.03.26-00.37.18:694][946]LogSockets: Warning: Failed to read address for socket (SE_ENOTCONN) with error -1
[2026.03.26-00.37.18:894][952]LogSockets: Warning: Failed to read address for socket (SE_ENOTCONN) with error -1
[2026.03.26-00.37.18:894][952]LogSockets: Warning: Failed to read address for socket (SE_ENOTCONN) with error -1
[2026.03.26-00.37.19:997][985]LogSockets: Warning: Failed to read address for socket (SE_ENOTCONN) with error -1
[2026.03.26-00.37.19:997][985]LogSockets: Warning: Failed to read address for socket (SE_ENOTCONN) with error -1
[2026.03.26-00.37.21:066][ 17]LogTheIsleCommandData: [2026.03.26-00.37.21] RCON Command Used [Get Player List] : 
[2026.03.26-00.37.27:176][200]LogSockets: Warning: Failed to read address for socket (SE_ENOTCONN) with error -1
[2026.03.26-00.37.27:176][200]LogSockets: Warning: Failed to read address for socket (SE_ENOTCONN) with error -1
[2026.03.26-00.37.28:345][235]LogSockets: Warning: Failed to read address for socket (SE_ENOTCONN) with error -1
[2026.03.26-00.37.28:345][235]LogSockets: Warning: Failed to read address for socket (SE_ENOTCONN) with error -1
[2026.03.26-00.37.28:445][238]LogSockets: Warning: Failed to read address for socket (SE_ENOTCONN) with error -1
[2026.03.26-00.37.28:445][238]LogSockets: Warning: Failed to read address for socket (SE_ENOTCONN) with error -1
[2026.03.26-00.37.29:547][271]LogTheIsleCommandData: [2026.03.26-00.37.29] RCON Command Used [Get Player List] : 
[2026.03.26-00.37.29:647][274]LogSockets: Warning: Failed to read address for socket (SE_ENOTCONN) with error -1
[2026.03.26-00.37.29:647][274]LogSockets: Warning: Failed to read address for socket (SE_ENOTCONN) with error -1
[2026.03.26-00.37.30:749][307]LogTheIsleCommandData: [2026.03.26-00.37.30] RCON Command Used [Get Player List] : 
[2026.03.26-00.37.37:962][523]LogSockets: Warning: Failed to read address for socket (SE_ENOTCONN) with error -1
[2026.03.26-00.37.37:962][523]LogSockets: Warning: Failed to read address for socket (SE_ENOTCONN) with error -1
[2026.03.26-00.37.39:364][565]LogSockets: Warning: Failed to read address for socket (SE_ENOTCONN) with error -1
[2026.03.26-00.37.39:364][565]LogSockets: Warning: Failed to read address for socket (SE_ENOTCONN) with error -1
[2026.03.26-00.37.40:432][597]LogTheIsleCommandData: [2026.03.26-00.37.40] RCON Command Used [Get Player List] : 
[2026.03.26-00.37.47:746][816]LogSockets: Warning: Failed to read address for socket (SE_ENOTCONN) with error -1
[2026.03.26-00.37.47:746][816]LogSockets: Warning: Failed to read address for socket (SE_ENOTCONN) with error -1
[2026.03.26-00.37.49:115][857]LogSockets: Warning: Failed to read address for socket (SE_ENOTCONN) with error -1
[2026.03.26-00.37.49:115][857]LogSockets: Warning: Failed to read address for socket (SE_ENOTCONN) with error -1
[2026.03.26-00.37.50:183][889]LogTheIsleCommandData: [2026.03.26-00.37.50] RCON Command Used [Get Player List] : 
[2026.03.26-00.37.57:497][108]LogSockets: Warning: Failed to read address for socket (SE_ENOTCONN) with error -1
[2026.03.26-00.37.57:497][108]LogSockets: Warning: Failed to read address for socket (SE_ENOTCONN) with error -1
[2026.03.26-00.37.58:865][149]LogSockets: Warning: Failed to read address for socket (SE_ENOTCONN) with error -1
[2026.03.26-00.37.58:865][149]LogSockets: Warning: Failed to read address for socket (SE_ENOTCONN) with error -1
[2026.03.26-00.37.59:934][181]LogTheIsleCommandData: [2026.03.26-00.37.59] RCON Command Used [Get Player List] : 
[2026.03.26-00.38.07:247][400]LogSockets: Warning: Failed to read address for socket (SE_ENOTCONN) with error -1
[2026.03.26-00.38.07:247][400]LogSockets: Warning: Failed to read address for socket (SE_ENOTCONN) with error -1
[2026.03.26-00.38.08:582][440]LogSockets: Warning: Failed to read address for socket (SE_ENOTCONN) with error -1
[2026.03.26-00.38.08:582][440]LogSockets: Warning: Failed to read address for socket (SE_ENOTCONN) with error -1
[2026.03.26-00.38.09:651][472]LogTheIsleCommandData: [2026.03.26-00.38.09] RCON Command Used [Get Player List] : 
[2026.03.26-00.38.16:964][691]LogSockets: Warning: Failed to read address for socket (SE_ENOTCONN) with error -1
[2026.03.26-00.38.16:964][691]LogSockets: Warning: Failed to read address for socket (SE_ENOTCONN) with error -1
[2026.03.26-00.38.18:300][731]LogSockets: Warning: Failed to read address for socket (SE_ENOTCONN) with error -1
[2026.03.26-00.38.18:300][731]LogSockets: Warning: Failed to read address for socket (SE_ENOTCONN) with error -1
[2026.03.26-00.38.19:368][763]LogTheIsleCommandData: [2026.03.26-00.38.19] RCON Command Used [Get Player List] : 
[2026.03.26-00.38.20:871][808]LogSockets: Warning: Failed to read address for socket (SE_ENOTCONN) with error -1
[2026.03.26-00.38.20:871][808]LogSockets: Warning: Failed to read address for socket (SE_ENOTCONN) with error -1
[2026.03.26-00.38.22:107][845]LogSockets: Warning: Failed to read address for socket (SE_ENOTCONN) with error -1
[2026.03.26-00.38.22:107][845]LogSockets: Warning: Failed to read address for socket (SE_ENOTCONN) with error -1
[2026.03.26-00.38.26:714][983]LogSockets: Warning: Failed to read address for socket (SE_ENOTCONN) with error -1
[2026.03.26-00.38.26:714][983]LogSockets: Warning: Failed to read address for socket (SE_ENOTCONN) with error -1
[2026.03.26-00.38.28:050][ 23]LogSockets: Warning: Failed to read address for socket (SE_ENOTCONN) with error -1
[2026.03.26-00.38.28:050][ 23]LogSockets: Warning: Failed to read address for socket (SE_ENOTCONN) with error -1
[2026.03.26-00.38.29:118][ 55]LogTheIsleCommandData: [2026.03.26-00.38.29] RCON Command Used [Get Player List] : 
[2026.03.26-00.38.33:526][187]LogSockets: Warning: Failed to read address for socket (SE_ENOTCONN) with error -1
[2026.03.26-00.38.33:526][187]LogSockets: Warning: Failed to read address for socket (SE_ENOTCONN) with error -1
[2026.03.26-00.38.34:795][225]LogSockets: Warning: Failed to read address for socket (SE_ENOTCONN) with error -1
[2026.03.26-00.38.34:795][225]LogSockets: Warning: Failed to read address for socket (SE_ENOTCONN) with error -1
[2026.03.26-00.38.36:498][276]LogSockets: Warning: Failed to read address for socket (SE_ENOTCONN) with error -1
[2026.03.26-00.38.36:498][276]LogSockets: Warning: Failed to read address for socket (SE_ENOTCONN) with error -1
[2026.03.26-00.38.37:867][317]LogSockets: Warning: Failed to read address for socket (SE_ENOTCONN) with error -1
[2026.03.26-00.38.37:867][317]LogSockets: Warning: Failed to read address for socket (SE_ENOTCONN) with error -1
[2026.03.26-00.38.38:936][349]LogTheIsleCommandData: [2026.03.26-00.38.38] RCON Command Used [Get Player List] : 
[2026.03.26-00.38.46:149][565]LogSockets: Warning: Failed to read address for socket (SE_ENOTCONN) with error -1
[2026.03.26-00.38.46:149][565]LogSockets: Warning: Failed to read address for socket (SE_ENOTCONN) with error -1
[2026.03.26-00.38.47:552][607]LogSockets: Warning: Failed to read address for socket (SE_ENOTCONN) with error -1
[2026.03.26-00.38.47:552][607]LogSockets: Warning: Failed to read address for socket (SE_ENOTCONN) with error -1
[2026.03.26-00.38.48:620][639]LogTheIsleCommandData: [2026.03.26-00.38.48] RCON Command Used [Get Player List] : 
[2026.03.26-00.38.49:420][663]LogSockets: Warning: Failed to read address for socket (SE_ENOTCONN) with error -1
[2026.03.26-00.38.49:420][663]LogSockets: Warning: Failed to read address for socket (SE_ENOTCONN) with error -1
[2026.03.26-00.38.50:690][701]LogSockets: Warning: Failed to read address for socket (SE_ENOTCONN) with error -1
[2026.03.26-00.38.50:690][701]LogSockets: Warning: Failed to read address for socket (SE_ENOTCONN) with error -1
[2026.03.26-00.38.55:899][857]LogSockets: Warning: Failed to read address for socket (SE_ENOTCONN) with error -1
[2026.03.26-00.38.55:899][857]LogSockets: Warning: Failed to read address for socket (SE_ENOTCONN) with error -1
[2026.03.26-00.38.57:268][898]LogSockets: Warning: Failed to read address for socket (SE_ENOTCONN) with error -1
[2026.03.26-00.38.57:268][898]LogSockets: Warning: Failed to read address for socket (SE_ENOTCONN) with error -1
[2026.03.26-00.38.58:337][930]LogTheIsleCommandData: [2026.03.26-00.38.58] RCON Command Used [Get Player List] : 
[2026.03.26-00.39.05:649][149]LogSockets: Warning: Failed to read address for socket (SE_ENOTCONN) with error -1
[2026.03.26-00.39.05:649][149]LogSockets: Warning: Failed to read address for socket (SE_ENOTCONN) with error -1
[2026.03.26-00.39.07:053][191]LogSockets: Warning: Failed to read address for socket (SE_ENOTCONN) with error -1
[2026.03.26-00.39.07:053][191]LogSockets: Warning: Failed to read address for socket (SE_ENOTCONN) with error -1
[2026.03.26-00.39.08:121][223]LogTheIsleCommandData: [2026.03.26-00.39.08] RCON Command Used [Get Player List] : 
[2026.03.26-00.39.15:334][439]LogSockets: Warning: Failed to read address for socket (SE_ENOTCONN) with error -1
[2026.03.26-00.39.15:334][439]LogSockets: Warning: Failed to read address for socket (SE_ENOTCONN) with error -1
[2026.03.26-00.39.16:737][481]LogSockets: Warning: Failed to read address for socket (SE_ENOTCONN) with error -1
[2026.03.26-00.39.16:737][481]LogSockets: Warning: Failed to read address for socket (SE_ENOTCONN) with error -1
[2026.03.26-00.39.17:805][513]LogTheIsleCommandData: [2026.03.26-00.39.17] RCON Command Used [Get Player List] : 
[2026.03.26-00.39.25:117][732]LogSockets: Warning: Failed to read address for socket (SE_ENOTCONN) with error -1
[2026.03.26-00.39.25:117][732]LogSockets: Warning: Failed to read address for socket (SE_ENOTCONN) with error -1
[2026.03.26-00.39.26:453][772]LogSockets: Warning: Failed to read address for socket (SE_ENOTCONN) with error -1
[2026.03.26-00.39.26:453][772]LogSockets: Warning: Failed to read address for socket (SE_ENOTCONN) with error -1
[2026.03.26-00.39.27:522][804]LogTheIsleCommandData: [2026.03.26-00.39.27] RCON Command Used [Get Player List] : 
[2026.03.26-00.39.34:835][ 23]LogSockets: Warning: Failed to read address for socket (SE_ENOTCONN) with error -1
[2026.03.26-00.39.34:835][ 23]LogSockets: Warning: Failed to read address for socket (SE_ENOTCONN) with error -1
[2026.03.26-00.39.36:204][ 64]LogSockets: Warning: Failed to read address for socket (SE_ENOTCONN) with error -1
[2026.03.26-00.39.36:204][ 64]LogSockets: Warning: Failed to read address for socket (SE_ENOTCONN) with error -1
[2026.03.26-00.39.37:272][ 96]LogTheIsleCommandData: [2026.03.26-00.39.37] RCON Command Used [Get Player List] : 
[2026.03.26-00.39.44:485][312]LogSockets: Warning: Failed to read address for socket (SE_ENOTCONN) with error -1
[2026.03.26-00.39.44:485][312]LogSockets: Warning: Failed to read address for socket (SE_ENOTCONN) with error -1
[2026.03.26-00.39.45:821][352]LogSockets: Warning: Failed to read address for socket (SE_ENOTCONN) with error -1
[2026.03.26-00.39.45:821][352]LogSockets: Warning: Failed to read address for socket (SE_ENOTCONN) with error -1
[2026.03.26-00.39.46:889][384]LogTheIsleCommandData: [2026.03.26-00.39.46] RCON Command Used [Get Player List] : 
[2026.03.26-00.39.54:102][600]LogSockets: Warning: Failed to read address for socket (SE_ENOTCONN) with error -1
[2026.03.26-00.39.54:102][600]LogSockets: Warning: Failed to read address for socket (SE_ENOTCONN) with error -1
[2026.03.26-00.39.55:404][639]LogSockets: Warning: Failed to read address for socket (SE_ENOTCONN) with error -1
[2026.03.26-00.39.55:404][639]LogSockets: Warning: Failed to read address for socket (SE_ENOTCONN) with error -1
[2026.03.26-00.39.56:473][671]LogTheIsleCommandData: [2026.03.26-00.39.56] RCON Command Used [Get Player List] : 
[2026.03.26-00.40.03:685][887]LogSockets: Warning: Failed to read address for socket (SE_ENOTCONN) with error -1
[2026.03.26-00.40.03:685][887]LogSockets: Warning: Failed to read address for socket (SE_ENOTCONN) with error -1
[2026.03.26-00.40.05:088][929]LogSockets: Warning: Failed to read address for socket (SE_ENOTCONN) with error -1
[2026.03.26-00.40.05:088][929]LogSockets: Warning: Failed to read address for socket (SE_ENOTCONN) with error -1
[2026.03.26-00.40.06:157][961]LogTheIsleCommandData: [2026.03.26-00.40.06] RCON Command Used [Get Player List] : 
[2026.03.26-00.40.09:162][ 51]LogSockets: Warning: Failed to read address for socket (SE_ENOTCONN) with error -1
[2026.03.26-00.40.09:162][ 51]LogSockets: Warning: Failed to read address for socket (SE_ENOTCONN) with error -1
[2026.03.26-00.40.10:464][ 90]LogSockets: Warning: Failed to read address for socket (SE_ENOTCONN) with error -1
[2026.03.26-00.40.10:464][ 90]LogSockets: Warning: Failed to read address for socket (SE_ENOTCONN) with error -1
[2026.03.26-00.40.13:369][177]LogSockets: Warning: Failed to read address for socket (SE_ENOTCONN) with error -1
[2026.03.26-00.40.13:369][177]LogSockets: Warning: Failed to read address for socket (SE_ENOTCONN) with error -1
[2026.03.26-00.40.14:772][219]LogSockets: Warning: Failed to read address for socket (SE_ENOTCONN) with error -1
[2026.03.26-00.40.14:772][219]LogSockets: Warning: Failed to read address for socket (SE_ENOTCONN) with error -1
[2026.03.26-00.40.15:841][251]LogTheIsleCommandData: [2026.03.26-00.40.15] RCON Command Used [Get Player List] : 
[2026.03.26-00.40.19:346][356]LogSockets: Warning: Failed to read address for socket (SE_ENOTCONN) with error -1
[2026.03.26-00.40.19:346][356]LogSockets: Warning: Failed to read address for socket (SE_ENOTCONN) with error -1
[2026.03.26-00.40.20:616][394]LogSockets: Warning: Failed to read address for socket (SE_ENOTCONN) with error -1
[2026.03.26-00.40.20:616][394]LogSockets: Warning: Failed to read address for socket (SE_ENOTCONN) with error -1
[2026.03.26-00.40.23:120][469]LogSockets: Warning: Failed to read address for socket (SE_ENOTCONN) with error -1
[2026.03.26-00.40.23:120][469]LogSockets: Warning: Failed to read address for socket (SE_ENOTCONN) with error -1
[2026.03.26-00.40.24:456][509]LogSockets: Warning: Failed to read address for socket (SE_ENOTCONN) with error -1
[2026.03.26-00.40.24:456][509]LogSockets: Warning: Failed to read address for socket (SE_ENOTCONN) with error -1
[2026.03.26-00.40.25:524][541]LogTheIsleCommandData: [2026.03.26-00.40.25] RCON Command Used [Get Player List] : 
[2026.03.26-00.40.32:837][760]LogSockets: Warning: Failed to read address for socket (SE_ENOTCONN) with error -1
[2026.03.26-00.40.32:837][760]LogSockets: Warning: Failed to read address for socket (SE_ENOTCONN) with error -1
[2026.03.26-00.40.34:207][801]LogSockets: Warning: Failed to read address for socket (SE_ENOTCONN) with error -1
[2026.03.26-00.40.34:207][801]LogSockets: Warning: Failed to read address for socket (SE_ENOTCONN) with error -1
[2026.03.26-00.40.35:275][833]LogTheIsleCommandData: [2026.03.26-00.40.35] RCON Command Used [Get Player List] : 
[2026.03.26-00.40.42:388][ 46]LogSockets: Warning: Failed to read address for socket (SE_ENOTCONN) with error -1
[2026.03.26-00.40.42:388][ 46]LogSockets: Warning: Failed to read address for socket (SE_ENOTCONN) with error -1
[2026.03.26-00.40.43:757][ 87]LogSockets: Warning: Failed to read address for socket (SE_ENOTCONN) with error -1
[2026.03.26-00.40.43:757][ 87]LogSockets: Warning: Failed to read address for socket (SE_ENOTCONN) with error -1
[2026.03.26-00.40.44:826][119]LogTheIsleCommandData: [2026.03.26-00.40.44] RCON Command Used [Get Player List] : 
[2026.03.26-00.40.52:240][341]LogSockets: Warning: Failed to read address for socket (SE_ENOTCONN) with error -1
[2026.03.26-00.40.52:240][341]LogSockets: Warning: Failed to read address for socket (SE_ENOTCONN) with error -1
[2026.03.26-00.40.53:575][381]LogSockets: Warning: Failed to read address for socket (SE_ENOTCONN) with error -1
[2026.03.26-00.40.53:575][381]LogSockets: Warning: Failed to read address for socket (SE_ENOTCONN) with error -1
[2026.03.26-00.40.54:643][413]LogTheIsleCommandData: [2026.03.26-00.40.54] RCON Command Used [Get Player List] : 
[2026.03.26-00.41.01:955][632]LogSockets: Warning: Failed to read address for socket (SE_ENOTCONN) with error -1
[2026.03.26-00.41.01:955][632]LogSockets: Warning: Failed to read address for socket (SE_ENOTCONN) with error -1
[2026.03.26-00.41.03:291][672]LogSockets: Warning: Failed to read address for socket (SE_ENOTCONN) with error -1
[2026.03.26-00.41.03:291][672]LogSockets: Warning: Failed to read address for socket (SE_ENOTCONN) with error -1
[2026.03.26-00.41.04:359][704]LogTheIsleCommandData: [2026.03.26-00.41.04] RCON Command Used [Get Player List] : 
[2026.03.26-00.41.11:573][920]LogSockets: Warning: Failed to read address for socket (SE_ENOTCONN) with error -1
[2026.03.26-00.41.11:573][920]LogSockets: Warning: Failed to read address for socket (SE_ENOTCONN) with error -1
[2026.03.26-00.41.12:941][961]LogSockets: Warning: Failed to read address for socket (SE_ENOTCONN) with error -1
[2026.03.26-00.41.12:941][961]LogSockets: Warning: Failed to read address for socket (SE_ENOTCONN) with error -1
[2026.03.26-00.41.14:010][993]LogTheIsleCommandData: [2026.03.26-00.41.14] RCON Command Used [Get Player List] : 
[2026.03.26-00.41.21:222][209]LogSockets: Warning: Failed to read address for socket (SE_ENOTCONN) with error -1
[2026.03.26-00.41.21:222][209]LogSockets: Warning: Failed to read address for socket (SE_ENOTCONN) with error -1
[2026.03.26-00.41.22:625][251]LogSockets: Warning: Failed to read address for socket (SE_ENOTCONN) with error -1
[2026.03.26-00.41.22:625][251]LogSockets: Warning: Failed to read address for socket (SE_ENOTCONN) with error -1
[2026.03.26-00.41.23:693][283]LogTheIsleCommandData: [2026.03.26-00.41.23] RCON Command Used [Get Player List] : 
[2026.03.26-00.41.31:007][502]LogSockets: Warning: Failed to read address for socket (SE_ENOTCONN) with error -1
[2026.03.26-00.41.31:007][502]LogSockets: Warning: Failed to read address for socket (SE_ENOTCONN) with error -1
[2026.03.26-00.41.32:375][543]LogSockets: Warning: Failed to read address for socket (SE_ENOTCONN) with error -1
[2026.03.26-00.41.32:375][543]LogSockets: Warning: Failed to read address for socket (SE_ENOTCONN) with error -1
[2026.03.26-00.41.33:444][575]LogTheIsleCommandData: [2026.03.26-00.41.33] RCON Command Used [Get Player List] : 
[2026.03.26-00.41.40:657][791]LogSockets: Warning: Failed to read address for socket (SE_ENOTCONN) with error -1
[2026.03.26-00.41.40:657][791]LogSockets: Warning: Failed to read address for socket (SE_ENOTCONN) with error -1
[2026.03.26-00.41.42:025][832]LogSockets: Warning: Failed to read address for socket (SE_ENOTCONN) with error -1
[2026.03.26-00.41.42:025][832]LogSockets: Warning: Failed to read address for socket (SE_ENOTCONN) with error -1
[2026.03.26-00.41.43:094][864]LogTheIsleCommandData: [2026.03.26-00.41.43] RCON Command Used [Get Player List] : 
[2026.03.26-00.41.50:675][ 91]LogSockets: Warning: Failed to read address for socket (SE_ENOTCONN) with error -1
[2026.03.26-00.41.50:675][ 91]LogSockets: Warning: Failed to read address for socket (SE_ENOTCONN) with error -1
[2026.03.26-00.41.51:744][123]LogTheIsleCommandData: [2026.03.26-00.41.51] RCON Command Used [Get Player List] : 
[2026.03.26-00.41.59:056][342]LogSockets: Warning: Failed to read address for socket (SE_ENOTCONN) with error -1
[2026.03.26-00.41.59:056][342]LogSockets: Warning: Failed to read address for socket (SE_ENOTCONN) with error -1
[2026.03.26-00.42.00:458][384]LogTheIsleCommandData: [2026.03.26-00.42.00] RCON Command Used [Get Player List] : 
[2026.03.26-00.42.07:770][603]LogSockets: Warning: Failed to read address for socket (SE_ENOTCONN) with error -1
[2026.03.26-00.42.07:770][603]LogSockets: Warning: Failed to read address for socket (SE_ENOTCONN) with error -1
[2026.03.26-00.42.09:106][643]LogSockets: Warning: Failed to read address for socket (SE_ENOTCONN) with error -1
[2026.03.26-00.42.09:106][643]LogSockets: Warning: Failed to read address for socket (SE_ENOTCONN) with error -1
[2026.03.26-00.42.10:174][675]LogTheIsleCommandData: [2026.03.26-00.42.10] RCON Command Used [Get Player List] : 
[2026.03.26-00.42.17:387][891]LogSockets: Warning: Failed to read address for socket (SE_ENOTCONN) with error -1
[2026.03.26-00.42.17:387][891]LogSockets: Warning: Failed to read address for socket (SE_ENOTCONN) with error -1
[2026.03.26-00.42.18:855][935]LogTheIsleCommandData: [2026.03.26-00.42.18] RCON Command Used [Get Player List] : 
[2026.03.26-00.42.26:068][151]LogSockets: Warning: Failed to read address for socket (SE_ENOTCONN) with error -1
[2026.03.26-00.42.26:068][151]LogSockets: Warning: Failed to read address for socket (SE_ENOTCONN) with error -1
[2026.03.26-00.42.27:437][192]LogSockets: Warning: Failed to read address for socket (SE_ENOTCONN) with error -1
[2026.03.26-00.42.27:437][192]LogSockets: Warning: Failed to read address for socket (SE_ENOTCONN) with error -1
[2026.03.26-00.42.28:506][224]LogTheIsleCommandData: [2026.03.26-00.42.28] RCON Command Used [Get Player List] : 
[2026.03.26-00.42.35:718][440]LogSockets: Warning: Failed to read address for socket (SE_ENOTCONN) with error -1
[2026.03.26-00.42.35:718][440]LogSockets: Warning: Failed to read address for socket (SE_ENOTCONN) with error -1
[2026.03.26-00.42.37:120][482]LogSockets: Warning: Failed to read address for socket (SE_ENOTCONN) with error -1
[2026.03.26-00.42.37:120][482]LogSockets: Warning: Failed to read address for socket (SE_ENOTCONN) with error -1
[2026.03.26-00.42.38:189][514]LogTheIsleCommandData: [2026.03.26-00.42.38] RCON Command Used [Get Player List] : 
[2026.03.26-00.42.45:301][727]LogSockets: Warning: Failed to read address for socket (SE_ENOTCONN) with error -1
[2026.03.26-00.42.45:301][727]LogSockets: Warning: Failed to read address for socket (SE_ENOTCONN) with error -1
[2026.03.26-00.42.46:669][768]LogSockets: Warning: Failed to read address for socket (SE_ENOTCONN) with error -1
[2026.03.26-00.42.46:669][768]LogSockets: Warning: Failed to read address for socket (SE_ENOTCONN) with error -1
[2026.03.26-00.42.47:705][799]LogTheIsleCommandData: [2026.03.26-00.42.47] RCON Command Used [Get Player List] : 
[2026.03.26-00.42.54:917][ 15]LogSockets: Warning: Failed to read address for socket (SE_ENOTCONN) with error -1
[2026.03.26-00.42.54:917][ 15]LogSockets: Warning: Failed to read address for socket (SE_ENOTCONN) with error -1
[2026.03.26-00.42.56:320][ 57]LogSockets: Warning: Failed to read address for socket (SE_ENOTCONN) with error -1
[2026.03.26-00.42.56:320][ 57]LogSockets: Warning: Failed to read address for socket (SE_ENOTCONN) with error -1
[2026.03.26-00.42.57:388][ 89]LogTheIsleCommandData: [2026.03.26-00.42.57] RCON Command Used [Get Player List] : 
[2026.03.26-00.43.04:601][305]LogSockets: Warning: Failed to read address for socket (SE_ENOTCONN) with error -1
[2026.03.26-00.43.04:601][305]LogSockets: Warning: Failed to read address for socket (SE_ENOTCONN) with error -1
[2026.03.26-00.43.05:969][346]LogSockets: Warning: Failed to read address for socket (SE_ENOTCONN) with error -1
[2026.03.26-00.43.05:969][346]LogSockets: Warning: Failed to read address for socket (SE_ENOTCONN) with error -1
[2026.03.26-00.43.07:039][378]LogTheIsleCommandData: [2026.03.26-00.43.07] RCON Command Used [Get Player List] : 
[2026.03.26-00.43.14:251][594]LogSockets: Warning: Failed to read address for socket (SE_ENOTCONN) with error -1
[2026.03.26-00.43.14:251][594]LogSockets: Warning: Failed to read address for socket (SE_ENOTCONN) with error -1
[2026.03.26-00.43.15:652][636]LogSockets: Warning: Failed to read address for socket (SE_ENOTCONN) with error -1
[2026.03.26-00.43.15:652][636]LogSockets: Warning: Failed to read address for socket (SE_ENOTCONN) with error -1
[2026.03.26-00.43.16:721][668]LogTheIsleCommandData: [2026.03.26-00.43.16] RCON Command Used [Get Player List] : 
[2026.03.26-00.43.23:933][884]LogSockets: Warning: Failed to read address for socket (SE_ENOTCONN) with error -1
[2026.03.26-00.43.23:933][884]LogSockets: Warning: Failed to read address for socket (SE_ENOTCONN) with error -1
[2026.03.26-00.43.25:302][925]LogSockets: Warning: Failed to read address for socket (SE_ENOTCONN) with error -1
[2026.03.26-00.43.25:302][925]LogSockets: Warning: Failed to read address for socket (SE_ENOTCONN) with error -1
[2026.03.26-00.43.26:371][957]LogTheIsleCommandData: [2026.03.26-00.43.26] RCON Command Used [Get Player List] : 
[2026.03.26-00.43.33:583][173]LogSockets: Warning: Failed to read address for socket (SE_ENOTCONN) with error -1
[2026.03.26-00.43.33:583][173]LogSockets: Warning: Failed to read address for socket (SE_ENOTCONN) with error -1
[2026.03.26-00.43.34:986][215]LogSockets: Warning: Failed to read address for socket (SE_ENOTCONN) with error -1
[2026.03.26-00.43.34:986][215]LogSockets: Warning: Failed to read address for socket (SE_ENOTCONN) with error -1
[2026.03.26-00.43.36:054][247]LogTheIsleCommandData: [2026.03.26-00.43.36] RCON Command Used [Get Player List] : 
[2026.03.26-00.43.43:266][463]LogSockets: Warning: Failed to read address for socket (SE_ENOTCONN) with error -1
[2026.03.26-00.43.43:266][463]LogSockets: Warning: Failed to read address for socket (SE_ENOTCONN) with error -1
[2026.03.26-00.43.44:635][504]LogSockets: Warning: Failed to read address for socket (SE_ENOTCONN) with error -1
[2026.03.26-00.43.44:635][504]LogSockets: Warning: Failed to read address for socket (SE_ENOTCONN) with error -1
[2026.03.26-00.43.45:704][536]LogTheIsleCommandData: [2026.03.26-00.43.45] RCON Command Used [Get Player List] : 
[2026.03.26-00.43.53:216][761]LogSockets: Warning: Failed to read address for socket (SE_ENOTCONN) with error -1
[2026.03.26-00.43.53:216][761]LogSockets: Warning: Failed to read address for socket (SE_ENOTCONN) with error -1
[2026.03.26-00.43.54:553][801]LogSockets: Warning: Failed to read address for socket (SE_ENOTCONN) with error -1
[2026.03.26-00.43.54:553][801]LogSockets: Warning: Failed to read address for socket (SE_ENOTCONN) with error -1
[2026.03.26-00.43.55:621][833]LogTheIsleCommandData: [2026.03.26-00.43.55] RCON Command Used [Get Player List] : 
[2026.03.26-00.44.02:833][ 49]LogSockets: Warning: Failed to read address for socket (SE_ENOTCONN) with error -1
[2026.03.26-00.44.02:833][ 49]LogSockets: Warning: Failed to read address for socket (SE_ENOTCONN) with error -1
[2026.03.26-00.44.04:235][ 91]LogSockets: Warning: Failed to read address for socket (SE_ENOTCONN) with error -1
[2026.03.26-00.44.04:235][ 91]LogSockets: Warning: Failed to read address for socket (SE_ENOTCONN) with error -1
[2026.03.26-00.44.05:304][123]LogTheIsleCommandData: [2026.03.26-00.44.05] RCON Command Used [Get Player List] : 
[2026.03.26-00.44.12:515][339]LogSockets: Warning: Failed to read address for socket (SE_ENOTCONN) with error -1
[2026.03.26-00.44.12:515][339]LogSockets: Warning: Failed to read address for socket (SE_ENOTCONN) with error -1
[2026.03.26-00.44.13:918][381]LogSockets: Warning: Failed to read address for socket (SE_ENOTCONN) with error -1
[2026.03.26-00.44.13:918][381]LogSockets: Warning: Failed to read address for socket (SE_ENOTCONN) with error -1
[2026.03.26-00.44.14:987][413]LogTheIsleCommandData: [2026.03.26-00.44.14] RCON Command Used [Get Player List] : 
[2026.03.26-00.44.22:199][629]LogSockets: Warning: Failed to read address for socket (SE_ENOTCONN) with error -1
[2026.03.26-00.44.22:199][629]LogSockets: Warning: Failed to read address for socket (SE_ENOTCONN) with error -1
[2026.03.26-00.44.23:568][670]LogSockets: Warning: Failed to read address for socket (SE_ENOTCONN) with error -1
[2026.03.26-00.44.23:568][670]LogSockets: Warning: Failed to read address for socket (SE_ENOTCONN) with error -1
[2026.03.26-00.44.24:636][702]LogTheIsleCommandData: [2026.03.26-00.44.24] RCON Command Used [Get Player List] : 
[2026.03.26-00.44.31:949][921]LogSockets: Warning: Failed to read address for socket (SE_ENOTCONN) with error -1
[2026.03.26-00.44.31:949][921]LogSockets: Warning: Failed to read address for socket (SE_ENOTCONN) with error -1
[2026.03.26-00.44.33:318][962]LogSockets: Warning: Failed to read address for socket (SE_ENOTCONN) with error -1
[2026.03.26-00.44.33:318][962]LogSockets: Warning: Failed to read address for socket (SE_ENOTCONN) with error -1
[2026.03.26-00.44.34:420][995]LogTheIsleCommandData: [2026.03.26-00.44.34] RCON Command Used [Get Player List] : 
[2026.03.26-00.44.41:632][211]LogSockets: Warning: Failed to read address for socket (SE_ENOTCONN) with error -1
[2026.03.26-00.44.41:632][211]LogSockets: Warning: Failed to read address for socket (SE_ENOTCONN) with error -1
[2026.03.26-00.44.43:035][253]LogSockets: Warning: Failed to read address for socket (SE_ENOTCONN) with error -1
[2026.03.26-00.44.43:035][253]LogSockets: Warning: Failed to read address for socket (SE_ENOTCONN) with error -1
[2026.03.26-00.44.44:103][285]LogTheIsleCommandData: [2026.03.26-00.44.44] RCON Command Used [Get Player List] : 
[2026.03.26-00.44.51:315][501]LogSockets: Warning: Failed to read address for socket (SE_ENOTCONN) with error -1
[2026.03.26-00.44.51:315][501]LogSockets: Warning: Failed to read address for socket (SE_ENOTCONN) with error -1
[2026.03.26-00.44.52:718][543]LogSockets: Warning: Failed to read address for socket (SE_ENOTCONN) with error -1
[2026.03.26-00.44.52:718][543]LogSockets: Warning: Failed to read address for socket (SE_ENOTCONN) with error -1
[2026.03.26-00.44.53:787][575]LogTheIsleCommandData: [2026.03.26-00.44.53] RCON Command Used [Get Player List] : 
[2026.03.26-00.45.00:999][791]LogSockets: Warning: Failed to read address for socket (SE_ENOTCONN) with error -1
[2026.03.26-00.45.00:999][791]LogSockets: Warning: Failed to read address for socket (SE_ENOTCONN) with error -1
[2026.03.26-00.45.02:435][834]LogSockets: Warning: Failed to read address for socket (SE_ENOTCONN) with error -1
[2026.03.26-00.45.02:435][834]LogSockets: Warning: Failed to read address for socket (SE_ENOTCONN) with error -1
[2026.03.26-00.45.03:470][865]LogTheIsleCommandData: [2026.03.26-00.45.03] RCON Command Used [Get Player List] : 
[2026.03.26-00.45.10:682][ 81]LogSockets: Warning: Failed to read address for socket (SE_ENOTCONN) with error -1
[2026.03.26-00.45.10:682][ 81]LogSockets: Warning: Failed to read address for socket (SE_ENOTCONN) with error -1
[2026.03.26-00.45.12:018][121]LogSockets: Warning: Failed to read address for socket (SE_ENOTCONN) with error -1
[2026.03.26-00.45.12:018][121]LogSockets: Warning: Failed to read address for socket (SE_ENOTCONN) with error -1
[2026.03.26-00.45.13:086][153]LogTheIsleCommandData: [2026.03.26-00.45.13] RCON Command Used [Get Player List] : 
[2026.03.26-00.45.20:499][375]LogSockets: Warning: Failed to read address for socket (SE_ENOTCONN) with error -1
[2026.03.26-00.45.20:499][375]LogSockets: Warning: Failed to read address for socket (SE_ENOTCONN) with error -1
[2026.03.26-00.45.21:835][415]LogSockets: Warning: Failed to read address for socket (SE_ENOTCONN) with error -1
[2026.03.26-00.45.21:835][415]LogSockets: Warning: Failed to read address for socket (SE_ENOTCONN) with error -1
[2026.03.26-00.45.22:903][447]LogTheIsleCommandData: [2026.03.26-00.45.22] RCON Command Used [Get Player List] : 
[2026.03.26-00.45.30:216][666]LogSockets: Warning: Failed to read address for socket (SE_ENOTCONN) with error -1
[2026.03.26-00.45.30:216][666]LogSockets: Warning: Failed to read address for socket (SE_ENOTCONN) with error -1
[2026.03.26-00.45.31:552][706]LogSockets: Warning: Failed to read address for socket (SE_ENOTCONN) with error -1
[2026.03.26-00.45.31:552][706]LogSockets: Warning: Failed to read address for socket (SE_ENOTCONN) with error -1
[2026.03.26-00.45.32:620][738]LogTheIsleCommandData: [2026.03.26-00.45.32] RCON Command Used [Get Player List] : 
[2026.03.26-00.45.39:933][957]LogSockets: Warning: Failed to read address for socket (SE_ENOTCONN) with error -1
[2026.03.26-00.45.39:933][957]LogSockets: Warning: Failed to read address for socket (SE_ENOTCONN) with error -1
[2026.03.26-00.45.41:335][999]LogSockets: Warning: Failed to read address for socket (SE_ENOTCONN) with error -1
[2026.03.26-00.45.41:335][999]LogSockets: Warning: Failed to read address for socket (SE_ENOTCONN) with error -1
[2026.03.26-00.45.42:403][ 31]LogTheIsleCommandData: [2026.03.26-00.45.42] RCON Command Used [Get Player List] : 
[2026.03.26-00.45.49:717][250]LogSockets: Warning: Failed to read address for socket (SE_ENOTCONN) with error -1
[2026.03.26-00.45.49:717][250]LogSockets: Warning: Failed to read address for socket (SE_ENOTCONN) with error -1
[2026.03.26-00.45.51:086][291]LogSockets: Warning: Failed to read address for socket (SE_ENOTCONN) with error -1
[2026.03.26-00.45.51:086][291]LogSockets: Warning: Failed to read address for socket (SE_ENOTCONN) with error -1
[2026.03.26-00.45.52:154][323]LogTheIsleCommandData: [2026.03.26-00.45.52] RCON Command Used [Get Player List] : 
[2026.03.26-00.45.59:467][542]LogSockets: Warning: Failed to read address for socket (SE_ENOTCONN) with error -1
[2026.03.26-00.45.59:467][542]LogSockets: Warning: Failed to read address for socket (SE_ENOTCONN) with error -1
[2026.03.26-00.46.00:869][584]LogSockets: Warning: Failed to read address for socket (SE_ENOTCONN) with error -1
[2026.03.26-00.46.00:869][584]LogSockets: Warning: Failed to read address for socket (SE_ENOTCONN) with error -1
[2026.03.26-00.46.01:938][616]LogTheIsleCommandData: [2026.03.26-00.46.01] RCON Command Used [Get Player List] : 
[2026.03.26-00.46.09:250][835]LogSockets: Warning: Failed to read address for socket (SE_ENOTCONN) with error -1
[2026.03.26-00.46.09:250][835]LogSockets: Warning: Failed to read address for socket (SE_ENOTCONN) with error -1
[2026.03.26-00.46.10:586][875]LogSockets: Warning: Failed to read address for socket (SE_ENOTCONN) with error -1
[2026.03.26-00.46.10:586][875]LogSockets: Warning: Failed to read address for socket (SE_ENOTCONN) with error -1
[2026.03.26-00.46.11:655][907]LogTheIsleCommandData: [2026.03.26-00.46.11] RCON Command Used [Get Player List] : 
[2026.03.26-00.46.18:967][126]LogSockets: Warning: Failed to read address for socket (SE_ENOTCONN) with error -1
[2026.03.26-00.46.18:967][126]LogSockets: Warning: Failed to read address for socket (SE_ENOTCONN) with error -1
[2026.03.26-00.46.20:369][168]LogSockets: Warning: Failed to read address for socket (SE_ENOTCONN) with error -1
[2026.03.26-00.46.20:369][168]LogSockets: Warning: Failed to read address for socket (SE_ENOTCONN) with error -1
[2026.03.26-00.46.21:438][200]LogTheIsleCommandData: [2026.03.26-00.46.21] RCON Command Used [Get Player List] : 
[2026.03.26-00.46.28:750][419]LogSockets: Warning: Failed to read address for socket (SE_ENOTCONN) with error -1
[2026.03.26-00.46.28:750][419]LogSockets: Warning: Failed to read address for socket (SE_ENOTCONN) with error -1
[2026.03.26-00.46.30:120][460]LogSockets: Warning: Failed to read address for socket (SE_ENOTCONN) with error -1
[2026.03.26-00.46.30:120][460]LogSockets: Warning: Failed to read address for socket (SE_ENOTCONN) with error -1
[2026.03.26-00.46.31:188][492]LogTheIsleCommandData: [2026.03.26-00.46.31] RCON Command Used [Get Player List] : 
[2026.03.26-00.46.38:500][711]LogSockets: Warning: Failed to read address for socket (SE_ENOTCONN) with error -1
[2026.03.26-00.46.38:500][711]LogSockets: Warning: Failed to read address for socket (SE_ENOTCONN) with error -1
[2026.03.26-00.46.39:869][752]LogSockets: Warning: Failed to read address for socket (SE_ENOTCONN) with error -1
[2026.03.26-00.46.39:869][752]LogSockets: Warning: Failed to read address for socket (SE_ENOTCONN) with error -1
[2026.03.26-00.46.40:938][784]LogTheIsleCommandData: [2026.03.26-00.46.40] RCON Command Used [Get Player List] : 
[2026.03.26-00.46.48:251][  3]LogSockets: Warning: Failed to read address for socket (SE_ENOTCONN) with error -1
[2026.03.26-00.46.48:251][  3]LogSockets: Warning: Failed to read address for socket (SE_ENOTCONN) with error -1
[2026.03.26-00.46.49:653][ 45]LogSockets: Warning: Failed to read address for socket (SE_ENOTCONN) with error -1
[2026.03.26-00.46.49:653][ 45]LogSockets: Warning: Failed to read address for socket (SE_ENOTCONN) with error -1
[2026.03.26-00.46.50:722][ 77]LogTheIsleCommandData: [2026.03.26-00.46.50] RCON Command Used [Get Player List] : 
[2026.03.26-00.46.58:035][296]LogSockets: Warning: Failed to read address for socket (SE_ENOTCONN) with error -1
[2026.03.26-00.46.58:035][296]LogSockets: Warning: Failed to read address for socket (SE_ENOTCONN) with error -1
[2026.03.26-00.46.59:437][338]LogSockets: Warning: Failed to read address for socket (SE_ENOTCONN) with error -1
[2026.03.26-00.46.59:437][338]LogSockets: Warning: Failed to read address for socket (SE_ENOTCONN) with error -1
[2026.03.26-00.47.00:506][370]LogTheIsleCommandData: [2026.03.26-00.47.00] RCON Command Used [Get Player List] : 
[2026.03.26-00.47.07:818][589]LogSockets: Warning: Failed to read address for socket (SE_ENOTCONN) with error -1
[2026.03.26-00.47.07:818][589]LogSockets: Warning: Failed to read address for socket (SE_ENOTCONN) with error -1
[2026.03.26-00.47.09:221][631]LogSockets: Warning: Failed to read address for socket (SE_ENOTCONN) with error -1
[2026.03.26-00.47.09:221][631]LogSockets: Warning: Failed to read address for socket (SE_ENOTCONN) with error -1
[2026.03.26-00.47.10:256][662]LogTheIsleCommandData: [2026.03.26-00.47.10] RCON Command Used [Get Player List] : 
[2026.03.26-00.47.17:568][881]LogSockets: Warning: Failed to read address for socket (SE_ENOTCONN) with error -1
[2026.03.26-00.47.17:568][881]LogSockets: Warning: Failed to read address for socket (SE_ENOTCONN) with error -1
[2026.03.26-00.47.18:971][923]LogSockets: Warning: Failed to read address for socket (SE_ENOTCONN) with error -1
[2026.03.26-00.47.18:971][923]LogSockets: Warning: Failed to read address for socket (SE_ENOTCONN) with error -1
[2026.03.26-00.47.20:040][955]LogTheIsleCommandData: [2026.03.26-00.47.20] RCON Command Used [Get Player List] : 
[2026.03.26-00.47.27:352][174]LogSockets: Warning: Failed to read address for socket (SE_ENOTCONN) with error -1
[2026.03.26-00.47.27:352][174]LogSockets: Warning: Failed to read address for socket (SE_ENOTCONN) with error -1
[2026.03.26-00.47.28:754][216]LogSockets: Warning: Failed to read address for socket (SE_ENOTCONN) with error -1
[2026.03.26-00.47.28:754][216]LogSockets: Warning: Failed to read address for socket (SE_ENOTCONN) with error -1
[2026.03.26-00.47.29:790][247]LogTheIsleCommandData: [2026.03.26-00.47.29] RCON Command Used [Get Player List] : 
[2026.03.26-00.47.37:202][469]LogSockets: Warning: Failed to read address for socket (SE_ENOTCONN) with error -1
[2026.03.26-00.47.37:202][469]LogSockets: Warning: Failed to read address for socket (SE_ENOTCONN) with error -1
[2026.03.26-00.47.38:539][509]LogSockets: Warning: Failed to read address for socket (SE_ENOTCONN) with error -1
[2026.03.26-00.47.38:539][509]LogSockets: Warning: Failed to read address for socket (SE_ENOTCONN) with error -1
[2026.03.26-00.47.39:606][541]LogTheIsleCommandData: [2026.03.26-00.47.39] RCON Command Used [Get Player List] : 
[2026.03.26-00.47.47:019][763]LogSockets: Warning: Failed to read address for socket (SE_ENOTCONN) with error -1
[2026.03.26-00.47.47:019][763]LogSockets: Warning: Failed to read address for socket (SE_ENOTCONN) with error -1
[2026.03.26-00.47.48:354][803]LogSockets: Warning: Failed to read address for socket (SE_ENOTCONN) with error -1
[2026.03.26-00.47.48:354][803]LogSockets: Warning: Failed to read address for socket (SE_ENOTCONN) with error -1
[2026.03.26-00.47.49:423][835]LogTheIsleCommandData: [2026.03.26-00.47.49] RCON Command Used [Get Player List] : 
[2026.03.26-00.47.56:836][ 57]LogSockets: Warning: Failed to read address for socket (SE_ENOTCONN) with error -1
[2026.03.26-00.47.56:836][ 57]LogSockets: Warning: Failed to read address for socket (SE_ENOTCONN) with error -1
[2026.03.26-00.47.58:171][ 97]LogSockets: Warning: Failed to read address for socket (SE_ENOTCONN) with error -1
[2026.03.26-00.47.58:171][ 97]LogSockets: Warning: Failed to read address for socket (SE_ENOTCONN) with error -1
[2026.03.26-00.47.59:206][128]LogTheIsleCommandData: [2026.03.26-00.47.59] RCON Command Used [Get Player List] : 
[2026.03.26-00.48.06:519][347]LogSockets: Warning: Failed to read address for socket (SE_ENOTCONN) with error -1
[2026.03.26-00.48.06:519][347]LogSockets: Warning: Failed to read address for socket (SE_ENOTCONN) with error -1
[2026.03.26-00.48.07:955][390]LogSockets: Warning: Failed to read address for socket (SE_ENOTCONN) with error -1
[2026.03.26-00.48.07:955][390]LogSockets: Warning: Failed to read address for socket (SE_ENOTCONN) with error -1
[2026.03.26-00.48.09:023][422]LogTheIsleCommandData: [2026.03.26-00.48.09] RCON Command Used [Get Player List] : 
[2026.03.26-00.48.16:336][641]LogSockets: Warning: Failed to read address for socket (SE_ENOTCONN) with error -1
[2026.03.26-00.48.16:336][641]LogSockets: Warning: Failed to read address for socket (SE_ENOTCONN) with error -1
[2026.03.26-00.48.17:705][682]LogSockets: Warning: Failed to read address for socket (SE_ENOTCONN) with error -1
[2026.03.26-00.48.17:705][682]LogSockets: Warning: Failed to read address for socket (SE_ENOTCONN) with error -1
[2026.03.26-00.48.18:773][714]LogTheIsleCommandData: [2026.03.26-00.48.18] RCON Command Used [Get Player List] : 
[2026.03.26-00.48.26:086][933]LogSockets: Warning: Failed to read address for socket (SE_ENOTCONN) with error -1
[2026.03.26-00.48.26:086][933]LogSockets: Warning: Failed to read address for socket (SE_ENOTCONN) with error -1
[2026.03.26-00.48.27:456][974]LogSockets: Warning: Failed to read address for socket (SE_ENOTCONN) with error -1
[2026.03.26-00.48.27:456][974]LogSockets: Warning: Failed to read address for socket (SE_ENOTCONN) with error -1
[2026.03.26-00.48.28:524][  6]LogTheIsleCommandData: [2026.03.26-00.48.28] RCON Command Used [Get Player List] : 
[2026.03.26-00.48.35:836][225]LogSockets: Warning: Failed to read address for socket (SE_ENOTCONN) with error -1
[2026.03.26-00.48.35:836][225]LogSockets: Warning: Failed to read address for socket (SE_ENOTCONN) with error -1
[2026.03.26-00.48.37:239][267]LogSockets: Warning: Failed to read address for socket (SE_ENOTCONN) with error -1
[2026.03.26-00.48.37:239][267]LogSockets: Warning: Failed to read address for socket (SE_ENOTCONN) with error -1
[2026.03.26-00.48.38:308][299]LogTheIsleCommandData: [2026.03.26-00.48.38] RCON Command Used [Get Player List] : 
[2026.03.26-00.48.45:621][518]LogSockets: Warning: Failed to read address for socket (SE_ENOTCONN) with error -1
[2026.03.26-00.48.45:621][518]LogSockets: Warning: Failed to read address for socket (SE_ENOTCONN) with error -1
[2026.03.26-00.48.47:023][560]LogSockets: Warning: Failed to read address for socket (SE_ENOTCONN) with error -1
[2026.03.26-00.48.47:023][560]LogSockets: Warning: Failed to read address for socket (SE_ENOTCONN) with error -1
[2026.03.26-00.48.48:091][592]LogTheIsleCommandData: [2026.03.26-00.48.48] RCON Command Used [Get Player List] : 
[2026.03.26-00.48.55:404][811]LogSockets: Warning: Failed to read address for socket (SE_ENOTCONN) with error -1
[2026.03.26-00.48.55:404][811]LogSockets: Warning: Failed to read address for socket (SE_ENOTCONN) with error -1
[2026.03.26-00.48.56:807][853]LogSockets: Warning: Failed to read address for socket (SE_ENOTCONN) with error -1
[2026.03.26-00.48.56:807][853]LogSockets: Warning: Failed to read address for socket (SE_ENOTCONN) with error -1
[2026.03.26-00.48.57:875][885]LogTheIsleCommandData: [2026.03.26-00.48.57] RCON Command Used [Get Player List] : 
[2026.03.26-00.49.05:188][104]LogSockets: Warning: Failed to read address for socket (SE_ENOTCONN) with error -1
[2026.03.26-00.49.05:188][104]LogSockets: Warning: Failed to read address for socket (SE_ENOTCONN) with error -1
[2026.03.26-00.49.06:590][146]LogSockets: Warning: Failed to read address for socket (SE_ENOTCONN) with error -1
[2026.03.26-00.49.06:590][146]LogSockets: Warning: Failed to read address for socket (SE_ENOTCONN) with error -1
[2026.03.26-00.49.07:659][178]LogTheIsleCommandData: [2026.03.26-00.49.07] RCON Command Used [Get Player List] : 
[2026.03.26-00.49.14:972][397]LogSockets: Warning: Failed to read address for socket (SE_ENOTCONN) with error -1
[2026.03.26-00.49.14:972][397]LogSockets: Warning: Failed to read address for socket (SE_ENOTCONN) with error -1
[2026.03.26-00.49.16:340][438]LogSockets: Warning: Failed to read address for socket (SE_ENOTCONN) with error -1
[2026.03.26-00.49.16:340][438]LogSockets: Warning: Failed to read address for socket (SE_ENOTCONN) with error -1
[2026.03.26-00.49.17:409][470]LogTheIsleCommandData: [2026.03.26-00.49.17] RCON Command Used [Get Player List] : 
[2026.03.26-00.49.24:823][692]LogSockets: Warning: Failed to read address for socket (SE_ENOTCONN) with error -1
[2026.03.26-00.49.24:823][692]LogSockets: Warning: Failed to read address for socket (SE_ENOTCONN) with error -1
[2026.03.26-00.49.26:191][733]LogSockets: Warning: Failed to read address for socket (SE_ENOTCONN) with error -1
[2026.03.26-00.49.26:191][733]LogSockets: Warning: Failed to read address for socket (SE_ENOTCONN) with error -1
[2026.03.26-00.49.27:260][765]LogTheIsleCommandData: [2026.03.26-00.49.27] RCON Command Used [Get Player List] : 
[2026.03.26-00.49.34:573][984]LogSockets: Warning: Failed to read address for socket (SE_ENOTCONN) with error -1
[2026.03.26-00.49.34:573][984]LogSockets: Warning: Failed to read address for socket (SE_ENOTCONN) with error -1
[2026.03.26-00.49.35:975][ 26]LogSockets: Warning: Failed to read address for socket (SE_ENOTCONN) with error -1
[2026.03.26-00.49.35:975][ 26]LogSockets: Warning: Failed to read address for socket (SE_ENOTCONN) with error -1
[2026.03.26-00.49.37:011][ 57]LogTheIsleCommandData: [2026.03.26-00.49.37] RCON Command Used [Get Player List] : 
[2026.03.26-00.49.44:323][276]LogSockets: Warning: Failed to read address for socket (SE_ENOTCONN) with error -1
[2026.03.26-00.49.44:323][276]LogSockets: Warning: Failed to read address for socket (SE_ENOTCONN) with error -1
[2026.03.26-00.49.45:726][318]LogSockets: Warning: Failed to read address for socket (SE_ENOTCONN) with error -1
[2026.03.26-00.49.45:726][318]LogSockets: Warning: Failed to read address for socket (SE_ENOTCONN) with error -1
[2026.03.26-00.49.46:794][350]LogTheIsleCommandData: [2026.03.26-00.49.46] RCON Command Used [Get Player List] : 
[2026.03.26-00.49.54:106][569]LogSockets: Warning: Failed to read address for socket (SE_ENOTCONN) with error -1
[2026.03.26-00.49.54:106][569]LogSockets: Warning: Failed to read address for socket (SE_ENOTCONN) with error -1
[2026.03.26-00.49.55:509][611]LogSockets: Warning: Failed to read address for socket (SE_ENOTCONN) with error -1
[2026.03.26-00.49.55:509][611]LogSockets: Warning: Failed to read address for socket (SE_ENOTCONN) with error -1
[2026.03.26-00.49.56:577][643]LogTheIsleCommandData: [2026.03.26-00.49.56] RCON Command Used [Get Player List] : 
[2026.03.26-00.50.03:890][862]LogSockets: Warning: Failed to read address for socket (SE_ENOTCONN) with error -1
[2026.03.26-00.50.03:890][862]LogSockets: Warning: Failed to read address for socket (SE_ENOTCONN) with error -1
[2026.03.26-00.50.05:259][903]LogSockets: Warning: Failed to read address for socket (SE_ENOTCONN) with error -1
[2026.03.26-00.50.05:259][903]LogSockets: Warning: Failed to read address for socket (SE_ENOTCONN) with error -1
[2026.03.26-00.50.06:328][935]LogTheIsleCommandData: [2026.03.26-00.50.06] RCON Command Used [Get Player List] : 
[2026.03.26-00.50.13:841][160]LogSockets: Warning: Failed to read address for socket (SE_ENOTCONN) with error -1
[2026.03.26-00.50.13:841][160]LogSockets: Warning: Failed to read address for socket (SE_ENOTCONN) with error -1
[2026.03.26-00.50.15:177][200]LogSockets: Warning: Failed to read address for socket (SE_ENOTCONN) with error -1
[2026.03.26-00.50.15:177][200]LogSockets: Warning: Failed to read address for socket (SE_ENOTCONN) with error -1
[2026.03.26-00.50.16:246][232]LogTheIsleCommandData: [2026.03.26-00.50.16] RCON Command Used [Get Player List] : 
[2026.03.26-00.50.23:759][457]LogSockets: Warning: Failed to read address for socket (SE_ENOTCONN) with error -1
[2026.03.26-00.50.23:759][457]LogSockets: Warning: Failed to read address for socket (SE_ENOTCONN) with error -1
[2026.03.26-00.50.25:128][498]LogSockets: Warning: Failed to read address for socket (SE_ENOTCONN) with error -1
[2026.03.26-00.50.25:128][498]LogSockets: Warning: Failed to read address for socket (SE_ENOTCONN) with error -1
[2026.03.26-00.50.26:197][530]LogTheIsleCommandData: [2026.03.26-00.50.26] RCON Command Used [Get Player List] : 
[2026.03.26-00.50.33:609][752]LogSockets: Warning: Failed to read address for socket (SE_ENOTCONN) with error -1
[2026.03.26-00.50.33:609][752]LogSockets: Warning: Failed to read address for socket (SE_ENOTCONN) with error -1
[2026.03.26-00.50.35:047][795]LogSockets: Warning: Failed to read address for socket (SE_ENOTCONN) with error -1
[2026.03.26-00.50.35:047][795]LogSockets: Warning: Failed to read address for socket (SE_ENOTCONN) with error -1
[2026.03.26-00.50.36:080][826]LogTheIsleCommandData: [2026.03.26-00.50.36] RCON Command Used [Get Player List] : 
[2026.03.26-00.50.43:593][ 51]LogSockets: Warning: Failed to read address for socket (SE_ENOTCONN) with error -1
[2026.03.26-00.50.43:593][ 51]LogSockets: Warning: Failed to read address for socket (SE_ENOTCONN) with error -1
[2026.03.26-00.50.44:930][ 91]LogSockets: Warning: Failed to read address for socket (SE_ENOTCONN) with error -1
[2026.03.26-00.50.44:930][ 91]LogSockets: Warning: Failed to read address for socket (SE_ENOTCONN) with error -1
[2026.03.26-00.50.45:998][123]LogTheIsleCommandData: [2026.03.26-00.50.45] RCON Command Used [Get Player List] : 
[2026.03.26-00.50.53:511][348]LogSockets: Warning: Failed to read address for socket (SE_ENOTCONN) with error -1
[2026.03.26-00.50.53:511][348]LogSockets: Warning: Failed to read address for socket (SE_ENOTCONN) with error -1
[2026.03.26-00.50.54:847][388]LogSockets: Warning: Failed to read address for socket (SE_ENOTCONN) with error -1
[2026.03.26-00.50.54:847][388]LogSockets: Warning: Failed to read address for socket (SE_ENOTCONN) with error -1
[2026.03.26-00.50.55:915][420]LogTheIsleCommandData: [2026.03.26-00.50.55] RCON Command Used [Get Player List] : 
[2026.03.26-00.51.03:328][642]LogSockets: Warning: Failed to read address for socket (SE_ENOTCONN) with error -1
[2026.03.26-00.51.03:328][642]LogSockets: Warning: Failed to read address for socket (SE_ENOTCONN) with error -1
[2026.03.26-00.51.04:731][684]LogSockets: Warning: Failed to read address for socket (SE_ENOTCONN) with error -1
[2026.03.26-00.51.04:731][684]LogSockets: Warning: Failed to read address for socket (SE_ENOTCONN) with error -1
[2026.03.26-00.51.05:799][716]LogTheIsleCommandData: [2026.03.26-00.51.05] RCON Command Used [Get Player List] : 
[2026.03.26-00.51.13:212][938]LogSockets: Warning: Failed to read address for socket (SE_ENOTCONN) with error -1
[2026.03.26-00.51.13:212][938]LogSockets: Warning: Failed to read address for socket (SE_ENOTCONN) with error -1
[2026.03.26-00.51.14:614][980]LogSockets: Warning: Failed to read address for socket (SE_ENOTCONN) with error -1
[2026.03.26-00.51.14:614][980]LogSockets: Warning: Failed to read address for socket (SE_ENOTCONN) with error -1
[2026.03.26-00.51.15:682][ 12]LogTheIsleCommandData: [2026.03.26-00.51.15] RCON Command Used [Get Player List] : 
[2026.03.26-00.51.23:196][237]LogSockets: Warning: Failed to read address for socket (SE_ENOTCONN) with error -1
[2026.03.26-00.51.23:196][237]LogSockets: Warning: Failed to read address for socket (SE_ENOTCONN) with error -1
[2026.03.26-00.51.24:531][277]LogSockets: Warning: Failed to read address for socket (SE_ENOTCONN) with error -1
[2026.03.26-00.51.24:531][277]LogSockets: Warning: Failed to read address for socket (SE_ENOTCONN) with error -1
[2026.03.26-00.51.25:599][309]LogTheIsleCommandData: [2026.03.26-00.51.25] RCON Command Used [Get Player List] : 
[2026.03.26-00.51.33:012][531]LogSockets: Warning: Failed to read address for socket (SE_ENOTCONN) with error -1
[2026.03.26-00.51.33:012][531]LogSockets: Warning: Failed to read address for socket (SE_ENOTCONN) with error -1
[2026.03.26-00.51.34:414][573]LogSockets: Warning: Failed to read address for socket (SE_ENOTCONN) with error -1
[2026.03.26-00.51.34:414][573]LogSockets: Warning: Failed to read address for socket (SE_ENOTCONN) with error -1
[2026.03.26-00.51.35:483][605]LogTheIsleCommandData: [2026.03.26-00.51.35] RCON Command Used [Get Player List] : 
[2026.03.26-00.51.42:996][830]LogSockets: Warning: Failed to read address for socket (SE_ENOTCONN) with error -1
[2026.03.26-00.51.42:996][830]LogSockets: Warning: Failed to read address for socket (SE_ENOTCONN) with error -1
[2026.03.26-00.51.44:331][870]LogSockets: Warning: Failed to read address for socket (SE_ENOTCONN) with error -1
[2026.03.26-00.51.44:331][870]LogSockets: Warning: Failed to read address for socket (SE_ENOTCONN) with error -1
[2026.03.26-00.51.45:399][902]LogTheIsleCommandData: [2026.03.26-00.51.45] RCON Command Used [Get Player List] : 
[2026.03.26-00.51.52:912][127]LogSockets: Warning: Failed to read address for socket (SE_ENOTCONN) with error -1
[2026.03.26-00.51.52:912][127]LogSockets: Warning: Failed to read address for socket (SE_ENOTCONN) with error -1
[2026.03.26-00.51.54:215][166]LogSockets: Warning: Failed to read address for socket (SE_ENOTCONN) with error -1
[2026.03.26-00.51.54:215][166]LogSockets: Warning: Failed to read address for socket (SE_ENOTCONN) with error -1
[2026.03.26-00.51.55:283][198]LogTheIsleCommandData: [2026.03.26-00.51.55] RCON Command Used [Get Player List] : 
[2026.03.26-00.52.02:796][423]LogSockets: Warning: Failed to read address for socket (SE_ENOTCONN) with error -1
[2026.03.26-00.52.02:796][423]LogSockets: Warning: Failed to read address for socket (SE_ENOTCONN) with error -1
[2026.03.26-00.52.04:199][465]LogSockets: Warning: Failed to read address for socket (SE_ENOTCONN) with error -1
[2026.03.26-00.52.04:199][465]LogSockets: Warning: Failed to read address for socket (SE_ENOTCONN) with error -1
[2026.03.26-00.52.05:300][498]LogTheIsleCommandData: [2026.03.26-00.52.05] RCON Command Used [Get Player List] : 
[2026.03.26-00.52.12:813][723]LogSockets: Warning: Failed to read address for socket (SE_ENOTCONN) with error -1
[2026.03.26-00.52.12:813][723]LogSockets: Warning: Failed to read address for socket (SE_ENOTCONN) with error -1
[2026.03.26-00.52.14:182][764]LogSockets: Warning: Failed to read address for socket (SE_ENOTCONN) with error -1
[2026.03.26-00.52.14:182][764]LogSockets: Warning: Failed to read address for socket (SE_ENOTCONN) with error -1
[2026.03.26-00.52.15:250][796]LogTheIsleCommandData: [2026.03.26-00.52.15] RCON Command Used [Get Player List] : 
[2026.03.26-00.52.22:864][ 24]LogSockets: Warning: Failed to read address for socket (SE_ENOTCONN) with error -1
[2026.03.26-00.52.22:864][ 24]LogSockets: Warning: Failed to read address for socket (SE_ENOTCONN) with error -1
[2026.03.26-00.52.24:200][ 64]LogSockets: Warning: Failed to read address for socket (SE_ENOTCONN) with error -1
[2026.03.26-00.52.24:200][ 64]LogSockets: Warning: Failed to read address for socket (SE_ENOTCONN) with error -1
[2026.03.26-00.52.25:268][ 96]LogTheIsleCommandData: [2026.03.26-00.52.25] RCON Command Used [Get Player List] : 
[2026.03.26-00.52.32:781][321]LogSockets: Warning: Failed to read address for socket (SE_ENOTCONN) with error -1
[2026.03.26-00.52.32:781][321]LogSockets: Warning: Failed to read address for socket (SE_ENOTCONN) with error -1
[2026.03.26-00.52.34:184][363]LogSockets: Warning: Failed to read address for socket (SE_ENOTCONN) with error -1
[2026.03.26-00.52.34:184][363]LogSockets: Warning: Failed to read address for socket (SE_ENOTCONN) with error -1
[2026.03.26-00.52.35:252][395]LogTheIsleCommandData: [2026.03.26-00.52.35] RCON Command Used [Get Player List] : 
[2026.03.26-00.52.42:764][620]LogSockets: Warning: Failed to read address for socket (SE_ENOTCONN) with error -1
[2026.03.26-00.52.42:764][620]LogSockets: Warning: Failed to read address for socket (SE_ENOTCONN) with error -1
[2026.03.26-00.52.44:133][661]LogSockets: Warning: Failed to read address for socket (SE_ENOTCONN) with error -1
[2026.03.26-00.52.44:133][661]LogSockets: Warning: Failed to read address for socket (SE_ENOTCONN) with error -1
[2026.03.26-00.52.45:203][693]LogTheIsleCommandData: [2026.03.26-00.52.45] RCON Command Used [Get Player List] : 
[2026.03.26-00.52.52:715][918]LogSockets: Warning: Failed to read address for socket (SE_ENOTCONN) with error -1
[2026.03.26-00.52.52:715][918]LogSockets: Warning: Failed to read address for socket (SE_ENOTCONN) with error -1
[2026.03.26-00.52.54:050][958]LogSockets: Warning: Failed to read address for socket (SE_ENOTCONN) with error -1
[2026.03.26-00.52.54:050][958]LogSockets: Warning: Failed to read address for socket (SE_ENOTCONN) with error -1
[2026.03.26-00.52.55:119][990]LogTheIsleCommandData: [2026.03.26-00.52.55] RCON Command Used [Get Player List] : 
[2026.03.26-00.53.02:531][212]LogSockets: Warning: Failed to read address for socket (SE_ENOTCONN) with error -1
[2026.03.26-00.53.02:531][212]LogSockets: Warning: Failed to read address for socket (SE_ENOTCONN) with error -1
[2026.03.26-00.53.03:934][254]LogSockets: Warning: Failed to read address for socket (SE_ENOTCONN) with error -1
[2026.03.26-00.53.03:934][254]LogSockets: Warning: Failed to read address for socket (SE_ENOTCONN) with error -1
[2026.03.26-00.53.05:003][286]LogTheIsleCommandData: [2026.03.26-00.53.05] RCON Command Used [Get Player List] : 
[2026.03.26-00.53.12:416][508]LogSockets: Warning: Failed to read address for socket (SE_ENOTCONN) with error -1
[2026.03.26-00.53.12:416][508]LogSockets: Warning: Failed to read address for socket (SE_ENOTCONN) with error -1
[2026.03.26-00.53.13:818][550]LogSockets: Warning: Failed to read address for socket (SE_ENOTCONN) with error -1
[2026.03.26-00.53.13:818][550]LogSockets: Warning: Failed to read address for socket (SE_ENOTCONN) with error -1
[2026.03.26-00.53.14:886][582]LogTheIsleCommandData: [2026.03.26-00.53.14] RCON Command Used [Get Player List] : 
[2026.03.26-00.53.22:399][807]LogSockets: Warning: Failed to read address for socket (SE_ENOTCONN) with error -1
[2026.03.26-00.53.22:399][807]LogSockets: Warning: Failed to read address for socket (SE_ENOTCONN) with error -1
[2026.03.26-00.53.23:770][848]LogSockets: Warning: Failed to read address for socket (SE_ENOTCONN) with error -1
[2026.03.26-00.53.23:770][848]LogSockets: Warning: Failed to read address for socket (SE_ENOTCONN) with error -1
[2026.03.26-00.53.24:837][880]LogTheIsleCommandData: [2026.03.26-00.53.24] RCON Command Used [Get Player List] : 
[2026.03.26-00.53.32:250][102]LogSockets: Warning: Failed to read address for socket (SE_ENOTCONN) with error -1
[2026.03.26-00.53.32:250][102]LogSockets: Warning: Failed to read address for socket (SE_ENOTCONN) with error -1
[2026.03.26-00.53.33:652][144]LogSockets: Warning: Failed to read address for socket (SE_ENOTCONN) with error -1
[2026.03.26-00.53.33:652][144]LogSockets: Warning: Failed to read address for socket (SE_ENOTCONN) with error -1
[2026.03.26-00.53.34:720][176]LogTheIsleCommandData: [2026.03.26-00.53.34] RCON Command Used [Get Player List] : 
[2026.03.26-00.53.42:133][398]LogSockets: Warning: Failed to read address for socket (SE_ENOTCONN) with error -1
[2026.03.26-00.53.42:133][398]LogSockets: Warning: Failed to read address for socket (SE_ENOTCONN) with error -1
[2026.03.26-00.53.43:536][440]LogSockets: Warning: Failed to read address for socket (SE_ENOTCONN) with error -1
[2026.03.26-00.53.43:536][440]LogSockets: Warning: Failed to read address for socket (SE_ENOTCONN) with error -1
[2026.03.26-00.53.44:604][472]LogTheIsleCommandData: [2026.03.26-00.53.44] RCON Command Used [Get Player List] : 
[2026.03.26-00.53.52:017][694]LogSockets: Warning: Failed to read address for socket (SE_ENOTCONN) with error -1
[2026.03.26-00.53.52:017][694]LogSockets: Warning: Failed to read address for socket (SE_ENOTCONN) with error -1
[2026.03.26-00.53.53:419][736]LogSockets: Warning: Failed to read address for socket (SE_ENOTCONN) with error -1
[2026.03.26-00.53.53:419][736]LogSockets: Warning: Failed to read address for socket (SE_ENOTCONN) with error -1
[2026.03.26-00.53.54:488][768]LogTheIsleCommandData: [2026.03.26-00.53.54] RCON Command Used [Get Player List] : 
[2026.03.26-00.54.01:901][990]LogSockets: Warning: Failed to read address for socket (SE_ENOTCONN) with error -1
[2026.03.26-00.54.01:901][990]LogSockets: Warning: Failed to read address for socket (SE_ENOTCONN) with error -1
[2026.03.26-00.54.03:304][ 32]LogSockets: Warning: Failed to read address for socket (SE_ENOTCONN) with error -1
[2026.03.26-00.54.03:304][ 32]LogSockets: Warning: Failed to read address for socket (SE_ENOTCONN) with error -1
[2026.03.26-00.54.04:405][ 65]LogTheIsleCommandData: [2026.03.26-00.54.04] RCON Command Used [Get Player List] : 
[2026.03.26-00.54.11:818][287]LogSockets: Warning: Failed to read address for socket (SE_ENOTCONN) with error -1
[2026.03.26-00.54.11:818][287]LogSockets: Warning: Failed to read address for socket (SE_ENOTCONN) with error -1
[2026.03.26-00.54.13:221][329]LogSockets: Warning: Failed to read address for socket (SE_ENOTCONN) with error -1
[2026.03.26-00.54.13:221][329]LogSockets: Warning: Failed to read address for socket (SE_ENOTCONN) with error -1
[2026.03.26-00.54.14:289][361]LogTheIsleCommandData: [2026.03.26-00.54.14] RCON Command Used [Get Player List] : 
[2026.03.26-00.54.21:703][583]LogSockets: Warning: Failed to read address for socket (SE_ENOTCONN) with error -1
[2026.03.26-00.54.21:703][583]LogSockets: Warning: Failed to read address for socket (SE_ENOTCONN) with error -1
[2026.03.26-00.54.23:072][624]LogSockets: Warning: Failed to read address for socket (SE_ENOTCONN) with error -1
[2026.03.26-00.54.23:072][624]LogSockets: Warning: Failed to read address for socket (SE_ENOTCONN) with error -1
[2026.03.26-00.54.24:140][656]LogTheIsleCommandData: [2026.03.26-00.54.24] RCON Command Used [Get Player List] : 
[2026.03.26-00.54.31:753][884]LogSockets: Warning: Failed to read address for socket (SE_ENOTCONN) with error -1
[2026.03.26-00.54.31:753][884]LogSockets: Warning: Failed to read address for socket (SE_ENOTCONN) with error -1
[2026.03.26-00.54.33:123][925]LogSockets: Warning: Failed to read address for socket (SE_ENOTCONN) with error -1
[2026.03.26-00.54.33:123][925]LogSockets: Warning: Failed to read address for socket (SE_ENOTCONN) with error -1
[2026.03.26-00.54.34:192][957]LogTheIsleCommandData: [2026.03.26-00.54.34] RCON Command Used [Get Player List] : 
[2026.03.26-00.54.41:604][179]LogSockets: Warning: Failed to read address for socket (SE_ENOTCONN) with error -1
[2026.03.26-00.54.41:604][179]LogSockets: Warning: Failed to read address for socket (SE_ENOTCONN) with error -1
[2026.03.26-00.54.42:941][219]LogSockets: Warning: Failed to read address for socket (SE_ENOTCONN) with error -1
[2026.03.26-00.54.42:941][219]LogSockets: Warning: Failed to read address for socket (SE_ENOTCONN) with error -1
[2026.03.26-00.54.43:975][250]LogTheIsleCommandData: [2026.03.26-00.54.43] RCON Command Used [Get Player List] : 
[2026.03.26-00.54.51:388][472]LogSockets: Warning: Failed to read address for socket (SE_ENOTCONN) with error -1
[2026.03.26-00.54.51:388][472]LogSockets: Warning: Failed to read address for socket (SE_ENOTCONN) with error -1
[2026.03.26-00.54.52:790][514]LogSockets: Warning: Failed to read address for socket (SE_ENOTCONN) with error -1
[2026.03.26-00.54.52:791][514]LogSockets: Warning: Failed to read address for socket (SE_ENOTCONN) with error -1
[2026.03.26-00.54.53:859][546]LogTheIsleCommandData: [2026.03.26-00.54.53] RCON Command Used [Get Player List] : 
[2026.03.26-00.55.01:372][771]LogSockets: Warning: Failed to read address for socket (SE_ENOTCONN) with error -1
[2026.03.26-00.55.01:372][771]LogSockets: Warning: Failed to read address for socket (SE_ENOTCONN) with error -1
[2026.03.26-00.55.02:708][811]LogSockets: Warning: Failed to read address for socket (SE_ENOTCONN) with error -1
[2026.03.26-00.55.02:708][811]LogSockets: Warning: Failed to read address for socket (SE_ENOTCONN) with error -1
[2026.03.26-00.55.03:809][844]LogTheIsleCommandData: [2026.03.26-00.55.03] RCON Command Used [Get Player List] : 
[2026.03.26-00.55.11:222][ 66]LogSockets: Warning: Failed to read address for socket (SE_ENOTCONN) with error -1
[2026.03.26-00.55.11:222][ 66]LogSockets: Warning: Failed to read address for socket (SE_ENOTCONN) with error -1
[2026.03.26-00.55.12:624][108]LogSockets: Warning: Failed to read address for socket (SE_ENOTCONN) with error -1
[2026.03.26-00.55.12:624][108]LogSockets: Warning: Failed to read address for socket (SE_ENOTCONN) with error -1
[2026.03.26-00.55.13:693][140]LogTheIsleCommandData: [2026.03.26-00.55.13] RCON Command Used [Get Player List] : 
[2026.03.26-00.55.21:006][359]LogSockets: Warning: Failed to read address for socket (SE_ENOTCONN) with error -1
[2026.03.26-00.55.21:006][359]LogSockets: Warning: Failed to read address for socket (SE_ENOTCONN) with error -1
[2026.03.26-00.55.22:375][400]LogSockets: Warning: Failed to read address for socket (SE_ENOTCONN) with error -1
[2026.03.26-00.55.22:375][400]LogSockets: Warning: Failed to read address for socket (SE_ENOTCONN) with error -1
[2026.03.26-00.55.23:444][432]LogTheIsleCommandData: [2026.03.26-00.55.23] RCON Command Used [Get Player List] : 
[2026.03.26-00.55.30:856][654]LogSockets: Warning: Failed to read address for socket (SE_ENOTCONN) with error -1
[2026.03.26-00.55.30:856][654]LogSockets: Warning: Failed to read address for socket (SE_ENOTCONN) with error -1
[2026.03.26-00.55.32:259][696]LogSockets: Warning: Failed to read address for socket (SE_ENOTCONN) with error -1
[2026.03.26-00.55.32:259][696]LogSockets: Warning: Failed to read address for socket (SE_ENOTCONN) with error -1
[2026.03.26-00.55.33:327][728]LogTheIsleCommandData: [2026.03.26-00.55.33] RCON Command Used [Get Player List] : 
[2026.03.26-00.55.40:740][950]LogSockets: Warning: Failed to read address for socket (SE_ENOTCONN) with error -1
[2026.03.26-00.55.40:740][950]LogSockets: Warning: Failed to read address for socket (SE_ENOTCONN) with error -1
[2026.03.26-00.55.42:143][992]LogSockets: Warning: Failed to read address for socket (SE_ENOTCONN) with error -1
[2026.03.26-00.55.42:143][992]LogSockets: Warning: Failed to read address for socket (SE_ENOTCONN) with error -1
[2026.03.26-00.55.43:212][ 24]LogTheIsleCommandData: [2026.03.26-00.55.43] RCON Command Used [Get Player List] : 
[2026.03.26-00.55.50:724][249]LogSockets: Warning: Failed to read address for socket (SE_ENOTCONN) with error -1
[2026.03.26-00.55.50:724][249]LogSockets: Warning: Failed to read address for socket (SE_ENOTCONN) with error -1
[2026.03.26-00.55.52:093][290]LogSockets: Warning: Failed to read address for socket (SE_ENOTCONN) with error -1
[2026.03.26-00.55.52:093][290]LogSockets: Warning: Failed to read address for socket (SE_ENOTCONN) with error -1
[2026.03.26-00.55.53:161][322]LogTheIsleCommandData: [2026.03.26-00.55.53] RCON Command Used [Get Player List] : 
[2026.03.26-00.56.00:574][544]LogSockets: Warning: Failed to read address for socket (SE_ENOTCONN) with error -1
[2026.03.26-00.56.00:574][544]LogSockets: Warning: Failed to read address for socket (SE_ENOTCONN) with error -1
[2026.03.26-00.56.01:876][583]LogSockets: Warning: Failed to read address for socket (SE_ENOTCONN) with error -1
[2026.03.26-00.56.01:876][583]LogSockets: Warning: Failed to read address for socket (SE_ENOTCONN) with error -1
[2026.03.26-00.56.02:978][616]LogTheIsleCommandData: [2026.03.26-00.56.02] RCON Command Used [Get Player List] : 
[2026.03.26-00.56.10:491][841]LogSockets: Warning: Failed to read address for socket (SE_ENOTCONN) with error -1
[2026.03.26-00.56.10:491][841]LogSockets: Warning: Failed to read address for socket (SE_ENOTCONN) with error -1
[2026.03.26-00.56.11:860][882]LogSockets: Warning: Failed to read address for socket (SE_ENOTCONN) with error -1
[2026.03.26-00.56.11:860][882]LogSockets: Warning: Failed to read address for socket (SE_ENOTCONN) with error -1
[2026.03.26-00.56.12:929][914]LogTheIsleCommandData: [2026.03.26-00.56.12] RCON Command Used [Get Player List] : 
[2026.03.26-00.56.20:341][136]LogSockets: Warning: Failed to read address for socket (SE_ENOTCONN) with error -1
[2026.03.26-00.56.20:341][136]LogSockets: Warning: Failed to read address for socket (SE_ENOTCONN) with error -1
[2026.03.26-00.56.21:743][178]LogSockets: Warning: Failed to read address for socket (SE_ENOTCONN) with error -1
[2026.03.26-00.56.21:743][178]LogSockets: Warning: Failed to read address for socket (SE_ENOTCONN) with error -1
[2026.03.26-00.56.22:779][209]LogTheIsleCommandData: [2026.03.26-00.56.22] RCON Command Used [Get Player List] : 
[2026.03.26-00.56.30:295][434]LogSockets: Warning: Failed to read address for socket (SE_ENOTCONN) with error -1
[2026.03.26-00.56.30:295][434]LogSockets: Warning: Failed to read address for socket (SE_ENOTCONN) with error -1
[2026.03.26-00.56.31:627][474]LogSockets: Warning: Failed to read address for socket (SE_ENOTCONN) with error -1
[2026.03.26-00.56.31:627][474]LogSockets: Warning: Failed to read address for socket (SE_ENOTCONN) with error -1
[2026.03.26-00.56.32:696][506]LogTheIsleCommandData: [2026.03.26-00.56.32] RCON Command Used [Get Player List] : 
[2026.03.26-00.56.40:208][731]LogSockets: Warning: Failed to read address for socket (SE_ENOTCONN) with error -1
[2026.03.26-00.56.40:208][731]LogSockets: Warning: Failed to read address for socket (SE_ENOTCONN) with error -1
[2026.03.26-00.56.41:544][771]LogSockets: Warning: Failed to read address for socket (SE_ENOTCONN) with error -1
[2026.03.26-00.56.41:544][771]LogSockets: Warning: Failed to read address for socket (SE_ENOTCONN) with error -1
[2026.03.26-00.56.42:613][803]LogTheIsleCommandData: [2026.03.26-00.56.42] RCON Command Used [Get Player List] : 
[2026.03.26-00.56.50:126][ 28]LogSockets: Warning: Failed to read address for socket (SE_ENOTCONN) with error -1
[2026.03.26-00.56.50:126][ 28]LogSockets: Warning: Failed to read address for socket (SE_ENOTCONN) with error -1
[2026.03.26-00.56.51:495][ 69]LogSockets: Warning: Failed to read address for socket (SE_ENOTCONN) with error -1
[2026.03.26-00.56.51:495][ 69]LogSockets: Warning: Failed to read address for socket (SE_ENOTCONN) with error -1
[2026.03.26-00.56.52:563][101]LogTheIsleCommandData: [2026.03.26-00.56.52] RCON Command Used [Get Player List] : 
[2026.03.26-00.57.00:076][326]LogSockets: Warning: Failed to read address for socket (SE_ENOTCONN) with error -1
[2026.03.26-00.57.00:076][326]LogSockets: Warning: Failed to read address for socket (SE_ENOTCONN) with error -1
[2026.03.26-00.57.01:445][367]LogSockets: Warning: Failed to read address for socket (SE_ENOTCONN) with error -1
[2026.03.26-00.57.01:445][367]LogSockets: Warning: Failed to read address for socket (SE_ENOTCONN) with error -1
[2026.03.26-00.57.02:514][399]LogTheIsleCommandData: [2026.03.26-00.57.02] RCON Command Used [Get Player List] : 
[2026.03.26-00.57.10:027][624]LogSockets: Warning: Failed to read address for socket (SE_ENOTCONN) with error -1
[2026.03.26-00.57.10:027][624]LogSockets: Warning: Failed to read address for socket (SE_ENOTCONN) with error -1
[2026.03.26-00.57.11:395][665]LogSockets: Warning: Failed to read address for socket (SE_ENOTCONN) with error -1
[2026.03.26-00.57.11:395][665]LogSockets: Warning: Failed to read address for socket (SE_ENOTCONN) with error -1
[2026.03.26-00.57.12:464][697]LogTheIsleCommandData: [2026.03.26-00.57.12] RCON Command Used [Get Player List] : 
[2026.03.26-00.57.19:977][922]LogSockets: Warning: Failed to read address for socket (SE_ENOTCONN) with error -1
[2026.03.26-00.57.19:977][922]LogSockets: Warning: Failed to read address for socket (SE_ENOTCONN) with error -1
[2026.03.26-00.57.21:312][962]LogSockets: Warning: Failed to read address for socket (SE_ENOTCONN) with error -1
[2026.03.26-00.57.21:312][962]LogSockets: Warning: Failed to read address for socket (SE_ENOTCONN) with error -1
[2026.03.26-00.57.22:381][994]LogTheIsleCommandData: [2026.03.26-00.57.22] RCON Command Used [Get Player List] : 
[2026.03.26-00.57.29:894][219]LogSockets: Warning: Failed to read address for socket (SE_ENOTCONN) with error -1
[2026.03.26-00.57.29:894][219]LogSockets: Warning: Failed to read address for socket (SE_ENOTCONN) with error -1
[2026.03.26-00.57.31:263][260]LogSockets: Warning: Failed to read address for socket (SE_ENOTCONN) with error -1
[2026.03.26-00.57.31:263][260]LogSockets: Warning: Failed to read address for socket (SE_ENOTCONN) with error -1
[2026.03.26-00.57.32:332][292]LogTheIsleCommandData: [2026.03.26-00.57.32] RCON Command Used [Get Player List] : 
[2026.03.26-00.57.39:844][517]LogSockets: Warning: Failed to read address for socket (SE_ENOTCONN) with error -1
[2026.03.26-00.57.39:844][517]LogSockets: Warning: Failed to read address for socket (SE_ENOTCONN) with error -1
[2026.03.26-00.57.41:213][558]LogSockets: Warning: Failed to read address for socket (SE_ENOTCONN) with error -1
[2026.03.26-00.57.41:213][558]LogSockets: Warning: Failed to read address for socket (SE_ENOTCONN) with error -1
[2026.03.26-00.57.42:282][590]LogTheIsleCommandData: [2026.03.26-00.57.42] RCON Command Used [Get Player List] : 
[2026.03.26-00.57.49:796][815]LogSockets: Warning: Failed to read address for socket (SE_ENOTCONN) with error -1
[2026.03.26-00.57.49:796][815]LogSockets: Warning: Failed to read address for socket (SE_ENOTCONN) with error -1
[2026.03.26-00.57.51:165][856]LogSockets: Warning: Failed to read address for socket (SE_ENOTCONN) with error -1
[2026.03.26-00.57.51:165][856]LogSockets: Warning: Failed to read address for socket (SE_ENOTCONN) with error -1
[2026.03.26-00.57.52:233][888]LogTheIsleCommandData: [2026.03.26-00.57.52] RCON Command Used [Get Player List] : 
[2026.03.26-00.57.59:746][113]LogSockets: Warning: Failed to read address for socket (SE_ENOTCONN) with error -1
[2026.03.26-00.57.59:746][113]LogSockets: Warning: Failed to read address for socket (SE_ENOTCONN) with error -1
[2026.03.26-00.58.01:115][154]LogSockets: Warning: Failed to read address for socket (SE_ENOTCONN) with error -1
[2026.03.26-00.58.01:115][154]LogSockets: Warning: Failed to read address for socket (SE_ENOTCONN) with error -1
[2026.03.26-00.58.02:184][186]LogTheIsleCommandData: [2026.03.26-00.58.02] RCON Command Used [Get Player List] : 
[2026.03.26-00.58.09:697][411]LogSockets: Warning: Failed to read address for socket (SE_ENOTCONN) with error -1
[2026.03.26-00.58.09:697][411]LogSockets: Warning: Failed to read address for socket (SE_ENOTCONN) with error -1
[2026.03.26-00.58.11:032][451]LogSockets: Warning: Failed to read address for socket (SE_ENOTCONN) with error -1
[2026.03.26-00.58.11:032][451]LogSockets: Warning: Failed to read address for socket (SE_ENOTCONN) with error -1
[2026.03.26-00.58.12:101][483]LogTheIsleCommandData: [2026.03.26-00.58.12] RCON Command Used [Get Player List] : 
[2026.03.26-00.58.19:613][708]LogSockets: Warning: Failed to read address for socket (SE_ENOTCONN) with error -1
[2026.03.26-00.58.19:613][708]LogSockets: Warning: Failed to read address for socket (SE_ENOTCONN) with error -1
[2026.03.26-00.58.20:982][749]LogSockets: Warning: Failed to read address for socket (SE_ENOTCONN) with error -1
[2026.03.26-00.58.20:982][749]LogSockets: Warning: Failed to read address for socket (SE_ENOTCONN) with error -1
[2026.03.26-00.58.22:051][781]LogTheIsleCommandData: [2026.03.26-00.58.22] RCON Command Used [Get Player List] : 
[2026.03.26-00.59.08:964][186]LogSockets: Warning: Failed to read address for socket (SE_ENOTCONN) with error -1
[2026.03.26-00.59.08:964][186]LogSockets: Warning: Failed to read address for socket (SE_ENOTCONN) with error -1
[2026.03.26-00.59.10:333][227]LogSockets: Warning: Failed to read address for socket (SE_ENOTCONN) with error -1
[2026.03.26-00.59.10:333][227]LogSockets: Warning: Failed to read address for socket (SE_ENOTCONN) with error -1
[2026.03.26-00.59.11:402][259]LogTheIsleCommandData: [2026.03.26-00.59.11] RCON Command Used [Get Player List] : 
[2026.03.26-00.59.18:915][484]LogSockets: Warning: Failed to read address for socket (SE_ENOTCONN) with error -1
[2026.03.26-00.59.18:915][484]LogSockets: Warning: Failed to read address for socket (SE_ENOTCONN) with error -1
[2026.03.26-00.59.20:251][524]LogSockets: Warning: Failed to read address for socket (SE_ENOTCONN) with error -1
[2026.03.26-00.59.20:251][524]LogSockets: Warning: Failed to read address for socket (SE_ENOTCONN) with error -1
[2026.03.26-00.59.21:320][556]LogTheIsleCommandData: [2026.03.26-00.59.21] RCON Command Used [Get Player List] : 
[2026.03.26-01.00.34:444][746]LogSockets: Warning: Failed to read address for socket (SE_ENOTCONN) with error -1
[2026.03.26-01.00.34:444][746]LogSockets: Warning: Failed to read address for socket (SE_ENOTCONN) with error -1
[2026.03.26-01.00.35:780][786]LogSockets: Warning: Failed to read address for socket (SE_ENOTCONN) with error -1
[2026.03.26-01.00.35:780][786]LogSockets: Warning: Failed to read address for socket (SE_ENOTCONN) with error -1
[2026.03.26-01.00.36:849][818]LogTheIsleCommandData: [2026.03.26-01.00.36] RCON Command Used [Get Player List] : 
[2026.03.26-01.00.44:363][ 43]LogSockets: Warning: Failed to read address for socket (SE_ENOTCONN) with error -1
[2026.03.26-01.00.44:363][ 43]LogSockets: Warning: Failed to read address for socket (SE_ENOTCONN) with error -1
[2026.03.26-01.00.45:731][ 84]LogSockets: Warning: Failed to read address for socket (SE_ENOTCONN) with error -1
[2026.03.26-01.00.45:731][ 84]LogSockets: Warning: Failed to read address for socket (SE_ENOTCONN) with error -1
[2026.03.26-01.00.46:800][116]LogTheIsleCommandData: [2026.03.26-01.00.46] RCON Command Used [Get Player List] : 
[2026.03.26-01.00.54:313][341]LogSockets: Warning: Failed to read address for socket (SE_ENOTCONN) with error -1
[2026.03.26-01.00.54:313][341]LogSockets: Warning: Failed to read address for socket (SE_ENOTCONN) with error -1
[2026.03.26-01.00.55:649][381]LogSockets: Warning: Failed to read address for socket (SE_ENOTCONN) with error -1
[2026.03.26-01.00.55:649][381]LogSockets: Warning: Failed to read address for socket (SE_ENOTCONN) with error -1
[2026.03.26-01.00.56:717][413]LogTheIsleCommandData: [2026.03.26-01.00.56] RCON Command Used [Get Player List] : 
[2026.03.26-01.01.04:230][638]LogSockets: Warning: Failed to read address for socket (SE_ENOTCONN) with error -1
[2026.03.26-01.01.04:230][638]LogSockets: Warning: Failed to read address for socket (SE_ENOTCONN) with error -1
[2026.03.26-01.01.05:565][678]LogSockets: Warning: Failed to read address for socket (SE_ENOTCONN) with error -1
[2026.03.26-01.01.05:565][678]LogSockets: Warning: Failed to read address for socket (SE_ENOTCONN) with error -1
[2026.03.26-01.01.06:634][710]LogTheIsleCommandData: [2026.03.26-01.01.06] RCON Command Used [Get Player List] : 
[2026.03.26-01.01.14:147][935]LogSockets: Warning: Failed to read address for socket (SE_ENOTCONN) with error -1
[2026.03.26-01.01.14:147][935]LogSockets: Warning: Failed to read address for socket (SE_ENOTCONN) with error -1
[2026.03.26-01.01.15:483][975]LogSockets: Warning: Failed to read address for socket (SE_ENOTCONN) with error -1
[2026.03.26-01.01.15:483][975]LogSockets: Warning: Failed to read address for socket (SE_ENOTCONN) with error -1
[2026.03.26-01.01.16:552][  7]LogTheIsleCommandData: [2026.03.26-01.01.16] RCON Command Used [Get Player List] : 
